,player_api_id,player_name,height,weight,count_plays,overall_rating,gk_diving,gk_handling,gk_kicking,gk_positioning,gk_reflexes
272,30657.0,Iker Casillas,185.42,185,232.0,87.0,89.88,82.24,69.47,84.82,91.0
663,30717.0,Gianluigi Buffon,193.04,201,231.0,86.16,87.68,83.0,68.42,90.21,84.32
54,30859.0,Petr Cech,195.58,198,251.0,85.67,87.13,83.2,77.13,85.53,87.67
457,27299.0,Manuel Neuer,193.04,203,255.0,84.69,85.81,80.56,84.12,80.88,85.88
169,30726.0,Edwin van der Sar,198.12,196,87.0,84.67,84.0,87.0,85.0,91.33,80.33
696,27341.0,"Robert Enke,30",185.42,172,30.0,84.4,83.2,84.6,78.0,86.0,87.2
266,30989.0,Julio Cesar,185.42,174,202.0,83.83,84.92,81.5,72.33,83.92,86.0
10,32657.0,Victor Valdes,182.88,172,203.0,83.38,83.77,77.31,81.54,84.85,87.62
166,26295.0,Hugo Lloris,187.96,172,282.0,82.94,85.65,81.47,74.53,81.29,86.82
460,30660.0,Pepe Reina,187.96,203,249.0,82.71,83.18,78.71,87.06,82.29,84.65
211,30648.0,Jens Lehmann,190.5,192,66.0,82.5,79.25,86.25,75.5,88.0,79.0
540,39989.0,Gregory Coupet,180.34,176,37.0,81.8,83.2,84.2,76.4,83.6,80.0
300,27424.0,Rene Adler,190.5,192,191.0,81.79,84.84,79.58,70.37,80.11,85.42
296,27358.0,Roman Weidenfeller,190.5,198,214.0,81.53,82.65,80.88,64.06,80.82,83.12
507,41466.0,Diego Lopez,195.58,192,247.0,81.45,80.6,81.55,76.45,83.35,81.0
527,30742.0,Mickael Landreau,182.88,185,207.0,81.12,79.5,81.0,79.0,80.88,83.75
643,42422.0,Samir Handanovic,193.04,196,286.0,81.08,82.96,78.75,70.75,82.29,83.88
804,31465.0,Tim Howard,190.5,194,282.0,80.83,81.89,78.89,74.39,80.5,83.78
609,31293.0,Steve Mandanda,185.42,181,300.0,80.8,82.6,79.3,77.1,79.9,82.5
301,25524.0,Frank Rost,193.04,203,98.0,80.71,80.29,79.0,77.86,83.29,81.86
168,182917.0,David De Gea,193.04,181,222.0,80.56,82.89,77.28,82.17,76.22,84.44
271,40963.0,Helton,187.96,176,156.0,80.53,81.79,78.68,74.74,79.05,83.84
62,31432.0,Joe Hart,195.58,201,275.0,80.26,82.37,76.05,74.53,77.0,84.37
873,215168.0,Bernd Leno,190.5,183,166.0,80.2,81.4,78.7,81.1,78.1,83.0
96,30380.0,Brad Friedel,187.96,203,164.0,80.0,78.25,82.94,79.5,82.0,79.75
522,34382.0,Roberto Abbondanzieri,185.42,194,13.0,79.8,78.2,79.0,82.8,82.4,76.8
363,39599.0,Federico Marchetti,187.96,183,209.0,79.72,82.44,77.33,66.94,78.78,82.89
471,26168.0,Cedric Carrasso,187.96,192,268.0,79.6,79.4,76.93,77.27,79.13,82.47
617,32746.0,Morgan De Sanctis,190.5,181,220.0,79.58,80.16,78.79,63.68,82.47,81.58
61,24224.0,Shay Given,185.42,185,112.0,79.53,81.68,76.26,71.74,79.89,83.11
411,24503.0,Sebastian Frey,190.5,198,156.0,79.36,80.21,78.36,62.5,80.57,82.71
454,56829.0,Fernando Muslera,190.5,185,87.0,79.35,79.0,77.09,75.22,79.0,83.52
441,27659.0,Salvatore Sirigu,193.04,176,213.0,79.3,80.3,76.2,71.7,79.0,81.9
535,34530.0,Christian Abbiati,190.5,203,167.0,79.0,81.64,76.04,71.84,79.76,81.52
227,30455.0,Heurelho Gomes,190.5,181,142.0,78.85,82.54,72.38,65.77,78.31,83.77
141,30841.0,Maarten Stekelenburg,198.12,203,147.0,78.84,81.05,76.95,80.05,78.11,78.79
130,30820.0,Diego Benaglio,193.04,196,228.0,78.67,81.87,76.8,70.27,76.4,81.07
504,33986.0,Andres Palop,182.88,165,115.0,78.67,79.11,77.78,77.78,80.78,77.78
563,31047.0,Guillermo Ochoa,185.42,172,122.0,78.53,81.27,72.07,75.4,76.87,84.67
727,30281.0,Francesco Toldo,195.58,198,2.0,78.5,78.5,80.5,76.0,78.5,78.0
734,25540.0,Vincent Enyeama,182.88,192,111.0,78.5,77.25,77.75,77.38,76.88,86.5
206,96613.0,Diego Alves,187.96,183,214.0,78.4,85.07,70.4,73.13,73.07,85.8
510,25563.0,Carlos Kameni,185.42,190,177.0,78.27,84.07,75.47,64.0,72.8,86.4
228,27313.0,Tim Wiese,193.04,243,127.0,78.2,78.4,75.2,58.27,76.47,85.73
250,40604.0,Rui Patricio,190.5,185,229.0,78.15,79.35,77.2,78.35,77.1,78.7
339,39323.0,Matteo Sereni,185.42,176,46.0,78.0,79.67,77.5,73.33,78.0,80.83
299,24104.0,Jaroslav Drobny,193.04,198,137.0,77.94,77.12,76.88,63.69,79.38,81.5
139,30974.0,Artur Boruc,193.04,192,201.0,77.8,80.67,75.73,66.4,76.33,82.4
479,41097.0,Stephane Ruffier,187.96,198,292.0,77.73,79.13,77.2,73.67,77.27,81.67
191,19344.0,Artur,193.04,209,112.0,77.71,77.82,77.94,70.29,80.88,77.71
187,30967.0,Quim,182.88,176,83.0,77.45,76.45,76.09,74.64,77.73,80.0
458,32653.0,Hans-Joerg Butt,190.5,198,62.0,77.44,75.33,78.78,78.0,79.44,76.44
45,30633.0,Mark Schwarzer,193.04,209,182.0,77.25,75.38,78.69,71.12,79.44,76.88
466,169718.0,Wojciech Szczesny,195.58,185,165.0,77.21,81.43,74.86,66.64,71.86,82.79
730,36374.0,Robert Green,190.5,205,163.0,77.13,80.27,72.93,74.93,73.53,82.73
252,96623.0,Sergio Asenjo,187.96,192,118.0,77.0,80.14,75.71,71.79,75.21,79.5
161,37193.0,Michel Vorm,182.88,190,163.0,76.93,78.43,75.0,72.14,76.71,79.93
289,33018.0,Daniel Aranzubia,185.42,181,141.0,76.92,77.08,72.54,77.23,78.62,80.38
212,94841.0,Sven Ulreich,193.04,185,164.0,76.88,79.94,74.71,68.94,73.0,81.71
519,37421.0,Claudio Bravo,182.88,176,212.0,76.77,79.77,72.54,79.69,73.92,80.23
545,33764.0,Gorka Iraizoz Moreno,190.5,196,286.0,76.75,71.19,80.25,75.12,81.94,75.31
171,24147.0,Ben Foster,193.04,198,183.0,76.75,80.25,75.5,72.25,73.5,81.0
31,170323.0,Thibaut Courtois,198.12,194,198.0,76.69,74.15,80.0,62.92,75.62,80.15
733,27445.0,Robert Vittek,187.96,185,1.0,76.6,9.8,16.2,43.6,18.0,18.8
534,30720.0,Dida,195.58,187,32.0,76.6,77.7,75.8,67.2,83.0,74.7
192,171981.0,Felipe,190.5,190,12.0,76.55,78.64,71.64,65.0,75.55,80.73
752,39351.0,Doni,193.04,201,53.0,76.5,76.3,74.5,68.2,75.9,80.4
357,33439.0,Vladimir Stojkovic,193.04,207,9.0,76.5,77.5,74.5,77.0,76.0,84.0
224,30703.0,Timo Hildebrand,185.42,176,79.0,76.45,75.73,76.55,69.18,75.64,77.45
106,37868.0,Simon Mignolet,193.04,192,222.0,76.44,78.81,75.06,70.56,72.19,80.12
184,32562.0,Craig Gordon,193.04,183,122.0,76.21,77.64,73.5,73.14,75.64,80.29
203,33845.0,Miguel Angel Moya,187.96,181,146.0,76.2,80.0,72.67,79.33,74.93,79.2
565,35644.0,Antonio Mirante,193.04,174,244.0,76.17,77.83,77.58,67.75,74.0,78.17
383,49586.0,Ralf Faehrmann,195.58,209,110.0,76.14,78.43,73.71,66.43,74.14,81.43
767,30622.0,Paul Robinson,193.04,198,140.0,76.14,78.64,73.64,82.79,73.64,77.43
114,36286.0,David James,193.04,209,61.0,76.12,80.12,71.75,75.62,72.0,78.62
557,26343.0,Jeremie Janot,175.26,165,102.0,76.1,76.0,74.6,66.9,77.7,78.0
143,27284.0,Michael Rensing,190.5,205,80.0,76.07,77.43,71.93,69.64,71.43,83.57
443,39425.0,Alberto Fontana,185.42,161,4.0,76.0,73.5,78.5,73.5,75.0,76.5
541,26523.0,Nicolas Douchez,185.42,179,121.0,76.0,76.73,77.18,69.27,74.55,78.55
467,50065.0,David Ospina,182.88,174,211.0,75.92,79.92,73.15,76.54,73.92,81.54
293,41618.0,Yann Sommer,182.88,174,208.0,75.91,76.95,73.68,68.55,73.05,80.82
265,37623.0,Roberto,193.04,190,113.0,75.88,77.29,70.71,73.29,75.06,81.06
400,39477.0,Stefano Sorrentino,185.42,190,247.0,75.87,76.6,74.67,69.0,76.67,79.87
291,39584.0,Stipe Pletikosa,193.04,183,2.0,75.82,76.18,74.91,75.64,78.36,76.0
442,30713.0,Marco Amelia,190.5,198,88.0,75.82,76.36,74.36,72.09,75.0,78.73
268,30582.0,Jose Moreira,185.42,183,9.0,75.78,75.67,75.56,73.56,76.78,76.78
204,24494.0,Cesar Sanchez,185.42,181,64.0,75.78,75.67,72.78,76.78,82.0,76.78
412,41671.0,Emiliano Viviano,195.58,198,190.0,75.73,76.73,75.33,70.27,74.6,79.13
163,30973.0,Lukasz Fabianski,190.5,183,102.0,75.64,77.93,72.36,70.0,73.14,82.5
465,23686.0,Manuel Almunia,193.04,205,69.0,75.6,77.8,75.7,76.7,68.1,80.3
723,36622.0,Jerzy Dudek,187.96,172,1.0,75.6,77.2,75.0,56.0,74.8,79.6
97,69650.0,Brad Guzan,193.04,209,142.0,75.55,77.64,74.18,67.41,73.23,79.36
120,212512.0,Jasper Cillessen,185.42,183,128.0,75.47,76.53,74.95,73.79,73.42,77.0
235,157284.0,Zeljko Brkic,198.12,209,85.0,75.31,80.85,70.62,59.23,77.38,79.0
536,27615.0,Marco Storari,187.96,168,68.0,75.27,77.33,72.33,68.53,76.13,80.0
292,184554.0,Marc-Andre ter Stegen,187.96,187,114.0,75.22,75.44,75.89,73.56,71.33,78.89
693,41087.0,Ron-Robert Zieler,187.96,183,185.0,75.17,77.42,73.17,68.5,73.17,77.25
514,23932.0,Jussi Jaaskelainen,190.5,176,185.0,75.17,77.44,73.78,73.17,76.06,77.39
658,169756.0,Adrian,187.96,170,121.0,75.12,73.94,76.81,68.25,74.0,78.94
51,39170.0,Andrea Consigli,187.96,181,222.0,75.12,77.19,72.44,68.06,75.0,80.06
176,97498.0,Beto,182.88,179,112.0,75.1,75.6,74.2,73.1,73.4,76.9
476,32496.0,Allan McGregor,182.88,185,187.0,75.07,76.53,74.6,68.13,74.67,78.4
583,51949.0,Keylor Navas,185.42,172,87.0,75.06,80.72,68.0,66.5,70.5,82.0
65,28955.0,Wilfredo Caballero,185.42,176,122.0,75.06,76.06,70.38,66.88,76.88,78.69
724,33732.0,Jose Manuel Pinto,185.42,181,30.0,75.0,77.6,75.8,74.6,75.6,72.0
703,30664.0,Leonardo Franco,187.96,174,57.0,75.0,74.7,73.4,76.7,75.3,77.1
736,36617.0,Andreas Isaksson,198.12,190,101.0,74.94,77.72,70.22,65.22,76.33,77.28
478,115184.0,Danijel Subasic,190.5,185,108.0,74.92,74.5,73.58,73.92,74.25,76.92
188,43283.0,Eduardo,187.96,185,116.0,74.85,75.38,72.92,70.92,75.69,76.15
612,26002.0,Kenneth Vermeer,182.88,172,155.0,74.85,77.85,68.05,67.25,72.75,81.05
56,46518.0,Asmir Begovic,200.66,183,183.0,74.75,77.31,71.31,71.19,71.19,79.25
210,37579.0,Tono,182.88,176,175.0,74.75,78.25,68.08,71.0,76.5,77.42
260,177126.0,Jan Oblak,185.42,192,108.0,74.73,72.55,78.55,65.64,76.27,75.0
824,27433.0,Raphael Schaefer,190.5,207,153.0,74.58,75.42,72.63,62.26,74.11,77.21
372,37503.0,Albano Benjamin Bizzarri,193.04,196,108.0,74.58,75.17,73.25,71.92,77.5,75.83
377,25735.0,Juan Pablo Carrizo,187.96,192,55.0,74.56,75.78,73.33,71.33,74.83,78.0
165,167035.0,Anthony Lopes,182.88,179,112.0,74.55,77.9,71.3,70.2,71.95,79.75
373,39415.0,Mariano Andujar,193.04,194,160.0,74.53,73.29,74.41,62.29,77.18,77.06
174,109060.0,Sergio Romero,193.04,192,101.0,74.46,76.77,68.15,77.46,70.54,79.15
704,24591.0,Ricardo,187.96,194,86.0,74.4,72.8,73.8,77.4,79.5,72.7
946,33599.0,Daniel Moreira,177.8,165,1.0,74.4,10.8,17.4,28.2,17.2,16.4
144,26173.0,Faryd Mondragon,190.5,207,75.0,74.33,72.5,76.75,64.92,78.5,71.75
520,245555.0,Geronimo Rulli,187.96,176,58.0,74.33,77.0,73.11,67.11,72.33,77.22
253,30990.0,Justo Villar,180.34,187,38.0,74.27,77.82,74.55,74.82,74.45,74.91
621,172157.0,Rafael,185.42,183,30.0,74.23,77.54,72.08,68.31,73.85,78.54
502,30900.0,Kossi Agassa,190.5,187,94.0,74.19,74.88,75.75,61.69,70.06,77.06
490,27691.0,Gianluca Curci,190.5,198,156.0,74.15,73.54,72.23,67.69,74.46,78.77
410,176186.0,Neto,193.04,185,75.0,74.14,75.64,71.07,65.29,73.5,79.71
16,41301.0,Nicolas Penneteau,185.42,172,244.0,74.09,73.36,73.73,77.0,77.0,76.18
524,30992.0,Oscar Ustari,182.88,181,36.0,74.07,78.73,69.0,76.33,68.8,79.93
787,37439.0,Dudu Aouate,187.96,192,158.0,74.07,77.87,69.47,75.33,75.4,74.53
613,26359.0,Teddy Richert,182.88,174,108.0,74.0,76.57,72.57,72.71,77.43,76.71
784,36373.0,Scott Carson,187.96,194,67.0,74.0,77.0,73.58,70.08,67.92,79.33
921,40937.0,Tiago,182.88,181,3.0,73.88,72.88,73.75,73.75,73.25,75.12
167,26167.0,Remy Vercoutre,185.42,172,120.0,73.85,74.08,73.31,76.15,73.77,77.69
551,11319.0,Benoit Costil,187.96,190,181.0,73.85,74.0,72.38,69.15,75.23,77.85
359,42502.0,Michael Agazzi,187.96,187,134.0,73.76,76.29,71.82,63.18,73.35,79.18
662,97363.0,Nilson,185.42,176,104.0,73.75,75.12,71.75,69.12,72.88,74.12
82,41818.0,Jean-Francois Gillet,180.34,176,178.0,73.73,72.27,69.67,70.73,74.33,77.93
273,124127.0,Fabiano,198.12,201,64.0,73.69,75.92,69.77,70.54,75.92,76.0
861,39725.0,Bogdan Lobont,185.42,172,18.0,73.69,72.46,69.62,72.0,76.46,78.0
708,118848.0,Robbin Ruiter,195.58,181,123.0,73.62,72.25,74.62,71.25,74.62,75.38
794,27503.0,Simon Jentzsch,195.58,214,33.0,73.62,75.75,74.38,66.25,72.5,75.38
76,46705.0,Geoffrey Jourdren,180.34,179,212.0,73.6,77.93,69.27,71.0,74.6,77.0
205,109222.0,Vicente Guaita,190.5,179,138.0,73.6,75.4,72.3,69.3,74.0,79.4
43,37770.0,Kasper Schmeichel,185.42,168,62.0,73.53,75.59,71.53,79.53,69.82,77.71
584,33753.0,Gustavo Adolfo Munua,187.96,192,125.0,73.5,73.08,71.08,75.42,73.75,77.25
781,23794.0,Thomas Sorensen,195.58,196,98.0,73.5,75.19,69.69,71.88,74.25,75.94
611,26126.0,Yohann Pele,195.58,196,67.0,73.5,74.2,72.7,70.4,72.6,76.4
867,40709.0,Fabien Audard,187.96,196,176.0,73.5,74.9,69.5,71.4,73.7,77.5
597,23984.0,Carlo Cudicini,185.42,176,20.0,73.47,73.53,74.33,67.73,73.0,75.13
652,27697.0,Luca Castellazzi,193.04,196,67.0,73.44,74.75,72.31,69.44,76.69,73.88
664,39566.0,Alex Manninger,187.96,187,59.0,73.36,73.07,73.79,67.64,73.79,76.0
600,39565.0,Vedran Runje,182.88,187,64.0,73.33,75.67,71.33,70.17,70.67,77.0
537,30850.0,Zeljko Kalac,203.2,209,1.0,73.33,77.0,72.67,74.0,72.67,74.67
208,68813.0,Przemyslaw Tyton,193.04,187,129.0,73.32,80.0,70.37,66.11,68.11,77.05
487,40714.0,Remy Riou,187.96,179,120.0,73.27,74.0,75.67,74.07,72.2,73.87
225,33473.0,Tom Starke,193.04,216,63.0,73.21,75.14,73.93,62.64,71.29,76.36
469,22998.0,Julian Speroni,185.42,192,75.0,73.13,76.47,70.07,68.8,70.87,75.93
782,288880.0,Jack Butland,195.58,209,36.0,73.1,75.6,71.3,66.5,71.5,78.8
354,25156.0,Ali Al-Habsi,193.04,174,101.0,73.05,75.43,69.95,67.95,71.9,76.14
472,30458.0,Ulrich Rame,187.96,187,37.0,73.0,70.5,74.9,72.3,74.1,73.2
898,41762.0,Alessio Scarpi,187.96,183,9.0,73.0,72.75,73.5,73.25,75.75,73.75
438,42306.0,Alexandros Tzorvas,187.96,176,12.0,73.0,75.8,68.2,66.7,71.6,77.4
945,72623.0,Augusto Fernandez,177.8,157,1.0,73.0,8.12,12.12,28.0,16.0,8.62
247,37511.0,Juan Jesus Calatayud,190.5,194,38.0,73.0,74.0,71.11,67.11,73.0,78.22
231,72810.0,Richard Kingson,182.88,183,22.0,73.0,80.0,69.0,63.0,67.0,78.0
181,24229.0,Tim Krul,193.04,181,156.0,72.91,76.09,72.27,68.36,69.0,77.09
489,37377.0,Markus Miller,187.96,203,33.0,72.9,73.9,69.8,65.7,72.9,76.0
142,212815.0,Timo Horn,193.04,198,66.0,72.9,73.52,70.43,73.19,70.76,76.9
63,103428.0,Costel Pantilimon,203.2,212,52.0,72.9,71.6,71.5,68.7,75.5,75.7
189,261348.0,Matheus,187.96,168,26.0,72.89,74.44,65.44,72.44,75.0,77.22
162,33339.0,Gerhard Tremmel,190.5,190,60.0,72.89,71.89,72.22,62.78,74.56,74.44
288,32678.0,German Dario Lux,185.42,170,53.0,72.87,77.87,66.07,65.87,72.0,76.73
72,38391.0,Silvio Proto,185.42,170,184.0,72.85,78.15,67.23,69.15,65.38,80.38
172,35906.0,Tomasz Kuszczak,190.5,185,16.0,72.83,77.22,67.06,61.44,69.72,79.83
587,45306.0,Rafael Bracalli,185.42,172,135.0,72.8,72.67,71.87,68.6,73.87,74.6
543,40602.0,John Ruddy,193.04,212,151.0,72.65,74.41,69.88,68.53,71.24,76.65
699,25018.0,Heinz Mueller,195.58,207,65.0,72.64,74.07,69.43,72.71,72.79,75.21
678,40916.0,Nikolai Mihaylov,193.04,187,87.0,72.63,73.63,73.16,71.63,67.16,77.95
640,181910.0,Mattia Perin,187.96,163,122.0,72.62,72.23,68.54,67.31,70.77,79.23
758,156175.0,Tomas Vaclik,187.96,187,62.0,72.6,71.6,71.8,71.2,74.0,77.0
380,27467.0,Oka Nikolov,187.96,190,77.0,72.57,73.71,69.14,63.71,73.71,75.71
618,42042.0,Gennaro Iezzo,185.42,179,14.0,72.5,71.75,74.25,70.25,75.5,72.0
785,23021.0,Boaz Myhill,190.5,203,116.0,72.5,74.67,70.58,70.25,69.42,74.5
523,38427.0,Jordi Codina,187.96,179,64.0,72.5,75.67,69.92,73.33,69.25,78.25
642,32446.0,David Marshall,190.5,183,37.0,72.5,74.62,69.19,68.06,71.31,75.62
248,37216.0,Piet Velthuizen,187.96,198,156.0,72.41,72.88,70.47,69.35,67.94,78.47
656,203527.0,Guillermo Sara,182.88,181,15.0,72.4,78.9,66.3,70.2,67.5,77.4
217,38805.0,Stephan Andersen,187.96,181,56.0,72.3,71.25,68.45,62.35,75.05,73.2
676,26536.0,Sander Boschker,185.42,192,58.0,72.3,70.9,74.8,68.4,76.0,70.9
55,37149.0,Henrique Hilario,187.96,194,5.0,72.29,75.57,66.0,59.0,68.71,81.0
202,19435.0,Renan,185.42,181,54.0,72.27,75.0,70.36,74.45,70.09,75.64
560,26190.0,Gregory Wimbee,193.04,194,38.0,72.25,71.0,74.0,63.5,76.25,69.0
834,96836.0,Ricardo,187.96,185,100.0,72.23,73.92,70.77,62.85,71.85,74.38
509,40672.0,Francisco Casilla,190.5,185,113.0,72.21,71.36,75.29,65.79,73.21,71.86
605,75195.0,Juan Pablo,187.96,183,136.0,72.2,74.3,71.2,69.0,70.1,76.0
917,33769.0,Eduardo Costa,185.42,187,1.0,72.2,11.2,17.4,46.8,14.6,16.2
258,47566.0,Fabri,182.88,176,49.0,72.17,72.83,76.11,68.67,68.06,73.0
379,145550.0,Kevin Trapp,187.96,194,149.0,72.17,73.08,71.42,71.33,70.25,74.25
764,37322.0,Mathias Schober,190.5,207,4.0,72.17,73.17,74.0,62.33,72.5,70.83
64,24527.0,Marton Fulop,198.12,203,42.0,72.14,74.43,68.57,70.0,68.71,76.29
413,103218.0,Ciprian Tatarusanu,195.58,194,46.0,72.12,71.12,70.5,71.38,73.62,74.12
470,36283.0,Wayne Hennessey,198.12,198,103.0,72.12,73.69,70.88,74.5,69.62,75.38
14,13034.0,Michalis Sifakis,185.42,174,7.0,72.09,73.91,67.0,71.55,71.27,76.27
274,104986.0,Andres Fernandez,182.88,190,149.0,72.07,73.79,70.43,67.0,69.43,76.5
147,41186.0,Christophe Revault,185.42,194,33.0,72.0,74.83,66.33,70.17,71.0,75.83
492,39354.0,Emanuele Manitta,187.96,183,5.0,72.0,76.0,68.0,66.0,76.0,72.0
355,34421.0,Chris Kirkland,190.5,163,68.0,71.94,72.89,73.5,68.5,70.61,73.06
182,24227.0,Steve Harper,187.96,201,60.0,71.92,71.46,73.62,70.0,74.54,72.31
322,26275.0,Alexis Thebaux,185.42,179,111.0,71.89,71.89,70.0,67.72,71.56,77.17
216,33958.0,Asier Riesgo,185.42,168,75.0,71.88,73.38,71.88,66.62,72.88,72.12
138,95336.0,Fraser Forster,200.66,198,188.0,71.86,71.68,72.32,66.14,72.05,77.27
459,36878.0,Thomas Kraft,187.96,172,116.0,71.82,74.82,68.06,62.94,66.47,80.0
424,42702.0,Rubinho,182.88,198,54.0,71.79,73.5,69.43,64.0,71.93,76.36
185,37233.0,Vito Mannone,187.96,176,72.0,71.73,72.82,70.82,65.55,69.18,74.45
606,33630.0,Ivan Cuellar,187.96,181,64.0,71.7,71.1,73.8,69.0,68.5,76.0
667,39401.0,Julio Sergio,187.96,176,56.0,71.67,68.89,69.89,69.33,72.78,77.44
512,113695.0,Cristian Alvarez,185.42,194,70.0,71.62,77.0,66.54,67.54,67.15,77.08
297,112978.0,Roman Buerki,187.96,187,178.0,71.58,75.11,68.37,67.0,68.53,76.26
481,26215.0,Flavio Roma,190.5,190,5.0,71.57,72.43,73.14,67.86,70.86,71.14
705,74736.0,Roberto Fernandez,180.34,174,119.0,71.55,76.1,67.65,66.75,68.7,77.95
634,128083.0,Vagner,185.42,176,91.0,71.5,75.5,67.67,67.92,70.08,74.67
562,33546.0,Ronan Le Crom,185.42,170,16.0,71.5,71.25,71.75,67.0,72.75,72.25
879,34489.0,Henk Timmer,187.96,172,20.0,71.5,70.0,74.0,76.0,66.0,74.0
596,33731.0,Esteban,177.8,154,51.0,71.5,71.42,71.83,71.17,74.25,69.58
729,23265.0,"Patrick Kenny,30",185.42,209,33.0,71.43,68.86,70.57,69.0,72.0,73.5
73,37990.0,Stijn Stijnen,187.96,183,81.0,71.4,72.8,66.7,66.3,71.2,73.9
627,105828.0,Rafael,187.96,176,69.0,71.38,74.0,69.23,60.92,73.0,75.92
884,214984.0,Esteban Alvarado,193.04,187,134.0,71.35,74.47,69.94,71.41,67.12,75.41
533,618878.0,Gianluigi Donnarumma,195.58,198,30.0,71.33,74.67,64.67,74.0,69.0,78.0
665,41881.0,Antonio Chimenti,182.88,183,2.0,71.33,68.33,71.33,76.33,73.67,72.33
654,30855.0,Ricardo,185.42,176,35.0,71.31,75.38,65.85,78.0,71.92,73.31
776,23813.0,Maik Taylor,193.04,198,2.0,71.3,64.2,76.0,71.5,76.7,70.1
885,42573.0,Joey Didulica,190.5,172,19.0,71.29,74.71,67.86,61.43,71.71,72.71
485,26313.0,Jerome Alonzo,185.42,183,27.0,71.25,73.5,62.25,60.75,70.5,77.25
4,20747.0,Eiji Kawashima,185.42,181,110.0,71.23,73.08,66.46,68.54,68.38,78.54
298,36054.0,Marc Ziegler,193.04,203,6.0,71.2,72.0,68.3,67.3,71.2,72.2
865,40094.0,Rune Almenning Jarstein,190.5,181,30.0,71.18,70.5,69.68,71.09,70.55,76.18
513,80265.0,Giedrius Arlauskis,182.88,176,3.0,71.14,72.71,65.29,70.29,74.0,79.29
800,27447.0,Mathias Hain,187.96,190,3.0,71.14,69.43,73.14,64.86,76.0,67.43
737,150236.0,Jeroen Zoet,187.96,187,162.0,71.06,72.0,70.25,70.81,69.69,73.38
577,40976.0,Marcelo Moretto,195.58,207,26.0,71.0,72.67,62.33,66.33,71.67,74.0
175,19393.0,Diego,187.96,203,81.0,71.0,72.25,73.12,68.5,74.25,71.5
721,36058.0,Dennis Eilhoff,190.5,198,34.0,71.0,73.22,67.22,60.33,68.11,74.67
321,11320.0,Steeve Elana,187.96,187,95.0,71.0,75.83,72.42,63.5,67.92,72.17
937,39233.0,Gabriel Penalba,187.96,187,1.0,71.0,6.5,13.5,5.5,6.5,11.5
364,40648.0,Antonio Adan,190.5,203,61.0,71.0,70.36,75.27,64.45,67.91,75.09
821,22418.0,Peterson Pecanha,182.88,170,56.0,71.0,70.2,69.2,64.4,69.8,72.6
350,115171.0,Julio Cesar Machado,165.1,139,2.0,71.0,12.38,15.5,44.25,18.88,17.0
644,13033.0,Orestis Karnezis,190.5,174,81.0,70.93,72.79,68.86,65.93,71.29,74.0
682,120621.0,Douglas,187.96,194,89.0,70.92,72.25,70.17,68.5,72.25,72.5
692,101584.0,Cassio,195.58,220,9.0,70.92,72.83,65.5,67.0,69.92,74.42
269,163843.0,Julio Cesar,193.04,176,38.0,70.89,71.33,67.78,68.33,70.11,73.89
399,50669.0,Christian Puggioni,187.96,179,55.0,70.87,72.73,69.13,60.67,70.4,75.13
496,26335.0,Simon Pouplin,187.96,172,94.0,70.87,71.47,71.07,67.87,69.27,73.4
526,210164.0,Alphonse Areola,190.5,201,68.0,70.85,72.31,70.0,69.23,70.08,74.0
294,37678.0,Tobias Sippel,180.34,172,38.0,70.85,72.31,68.54,67.46,66.62,76.31
813,17869.0,Dusan Kuciak,193.04,203,117.0,70.83,73.67,64.08,64.75,74.75,73.83
516,104033.0,Ruud Boffin,195.58,190,6.0,70.83,73.83,67.33,69.5,71.0,75.83
280,41708.0,Fabio Coltorti,198.12,209,50.0,70.8,70.5,70.1,68.8,70.9,74.0
698,27488.0,Christian Wetklo,190.5,203,82.0,70.8,73.33,66.67,62.87,68.4,74.73
134,27504.0,Andre Lenz,190.5,205,11.0,70.8,70.6,72.4,53.6,75.4,71.2
637,34003.0,Ludovic Butelle,187.96,185,41.0,70.77,72.92,71.38,63.54,66.69,72.69
647,106294.0,Ivan Kelava,195.58,198,10.0,70.75,73.0,70.75,60.0,70.5,75.5
894,128689.0,Sebastian Mielitz,187.96,187,60.0,70.73,72.6,69.4,67.2,68.13,73.87
622,33644.0,Antonio Doblas,182.88,179,18.0,70.67,68.67,64.5,68.33,76.33,73.17
164,73462.0,Kristoffer Nordfeldt,190.5,187,104.0,70.57,71.86,65.57,66.0,70.86,77.43
11,114963.0,Fabian Giefer,195.58,205,42.0,70.54,72.92,66.85,56.0,68.08,76.23
381,177953.0,Felix Wiedwald,190.5,181,43.0,70.54,72.38,67.0,59.54,68.38,75.85
201,489240.0,Jaume,187.96,168,17.0,70.5,74.83,72.33,69.0,66.67,72.67
251,19434.0,Marcelo Boeck,190.5,190,36.0,70.5,72.0,69.75,64.31,69.25,73.12
119,26510.0,Gabor Babos,195.58,203,107.0,70.46,71.38,67.23,59.69,72.62,71.69
506,300532.0,Sergio Rico,193.04,194,53.0,70.44,72.11,70.0,67.33,68.44,73.11
315,23793.0,Stuart Taylor,195.58,190,4.0,70.43,68.29,73.14,69.14,68.86,72.71
650,30669.0,Marcus Hahnemann,190.5,220,39.0,70.42,69.42,69.92,71.08,70.75,72.42
786,23950.0,Dean Kiely,185.42,172,3.0,70.4,70.2,71.4,68.6,72.2,66.8
582,37656.0,Ruben,187.96,176,110.0,70.38,76.19,65.81,63.5,65.75,76.31
131,114737.0,Marwin Hitz,193.04,185,89.0,70.38,73.85,67.77,61.31,69.15,73.0
12,95597.0,Bertrand Laquait,185.42,176,63.0,70.33,71.78,72.78,66.78,70.0,69.44
911,40281.0,Arni Gautur Arason,187.96,185,1.0,70.33,67.67,65.33,62.0,70.67,73.0
480,145039.0,Jean-Jacques Gosso,177.8,165,1.0,70.33,5.33,17.0,50.33,16.67,19.33
566,41243.0,Francesco Antonioli,187.96,181,98.0,70.33,67.83,69.33,64.33,76.0,73.33
152,19403.0,Galatto,193.04,201,5.0,70.25,72.0,67.38,72.38,71.62,72.62
588,206711.0,Mauro Goicoechea,185.42,185,54.0,70.25,71.5,68.5,66.25,68.75,72.75
33,38793.0,Logan Bailly,187.96,198,102.0,70.2,74.1,63.8,74.2,63.2,76.4
706,449484.0,Xabi Irureta,180.34,163,37.0,70.2,73.4,67.0,70.4,66.0,75.8
501,279175.0,Baptiste Reynet,185.42,187,41.0,70.17,71.5,65.83,66.83,69.5,74.67
190,426359.0,Stanislav Kritsyuk,193.04,187,30.0,70.12,71.38,72.25,65.38,67.5,71.5
586,174030.0,Jesus Fernandez,190.5,183,8.0,70.11,72.89,67.44,55.78,68.67,74.56
261,121881.0,Eduardo Gottardi,193.04,176,127.0,70.08,71.42,69.75,68.25,69.92,71.83
669,40841.0,Carlos,187.96,181,28.0,70.0,72.0,67.0,65.0,69.0,70.0
104,352003.0,Warner Hahn,198.12,187,30.0,70.0,73.0,66.5,64.5,67.75,76.0
186,24064.0,Kieren Westwood,187.96,190,18.0,70.0,73.17,69.25,66.67,67.17,73.67
220,26233.0,Gennaro Bracigliano,182.88,181,67.0,70.0,70.38,70.38,67.62,72.38,72.75
221,26290.0,Damien Gregorini,193.04,198,77.0,70.0,71.0,72.4,64.2,72.0,69.4
79,30934.0,Boubacar Barry Copa,180.34,152,114.0,70.0,73.2,65.87,52.2,61.67,79.93
694,27518.0,Florian Fromlowitz,185.42,183,56.0,70.0,73.07,66.64,68.29,65.0,75.43
351,40610.0,Nelson,187.96,174,23.0,70.0,69.0,71.0,72.0,73.0,65.0
494,33617.0,Lionel Letizi,187.96,176,17.0,70.0,73.0,69.0,71.2,71.2,70.0
223,178778.0,Oliver Baumann,187.96,181,198.0,70.0,74.22,68.89,65.44,66.44,71.89
256,213504.0,Diego Marino,185.42,165,83.0,69.94,68.56,71.75,57.0,70.75,73.25
137,35496.0,Kelvin Davis,185.42,181,18.0,69.94,71.44,67.17,62.89,69.17,73.67
375,30143.0,"Alberto Frison,18",190.5,187,18.0,69.93,71.29,66.43,56.43,71.0,75.71
360,42478.0,Vlada Avramov,187.96,179,31.0,69.92,69.0,69.0,62.5,73.25,72.25
402,181920.0,Francesco Bardi,187.96,181,48.0,69.92,71.0,68.0,63.92,67.33,75.42
880,112107.0,Erwin Mulder,193.04,194,150.0,69.92,71.67,66.92,72.92,67.92,72.67
209,101983.0,Manu Herrera,182.88,165,35.0,69.92,68.85,67.69,64.46,71.15,73.77
58,104378.0,Bojan Jorgacevic,187.96,190,102.0,69.9,71.7,66.8,64.4,69.7,71.1
314,38617.0,Adam Federici,187.96,198,27.0,69.88,71.88,64.69,72.88,66.38,74.94
655,46531.0,Casto Espinosa,180.34,165,45.0,69.87,77.73,66.67,60.13,61.87,77.67
951,115160.0,Brown Ideye,180.34,172,1.0,69.86,12.0,14.86,22.0,10.57,12.0
369,33550.0,Romuald Peiser,185.42,172,104.0,69.86,72.5,67.93,63.29,68.14,73.29
716,31299.0,Daniel Fernandes,195.58,207,32.0,69.86,73.57,63.71,60.43,63.29,78.43
5,38797.0,Sinan Bolat,190.5,174,78.0,69.84,69.74,69.42,71.05,67.74,72.63
923,245433.0,Stefanos Kapinos,195.58,201,1.0,69.83,73.17,66.33,63.0,67.83,74.67
974,50651.0,Raul Fernandez,185.42,185,1.0,69.8,71.8,68.3,59.4,67.7,75.2
700,37456.0,David Cobeno,185.42,181,28.0,69.79,65.5,73.71,71.86,74.0,68.0
753,210822.0,Lars Unnerstall,198.12,220,49.0,69.78,71.89,67.44,60.78,69.56,73.33
807,38467.0,Mariano Damian Barbosa,187.96,165,3.0,69.77,71.31,67.77,73.08,64.15,74.77
236,280969.0,Adriano Facchini,187.96,172,118.0,69.75,70.17,71.5,65.75,68.25,72.92
864,42898.0,Timo Ochs,187.96,194,2.0,69.75,70.0,70.0,53.25,65.25,72.75
815,36846.0,Luciano,175.26,163,98.0,69.71,74.0,63.21,66.57,65.64,76.79
671,32039.0,Paulo Santos,185.42,183,30.0,69.67,70.33,70.33,67.0,67.33,69.67
337,42692.0,Daniele Padelli,190.5,181,108.0,69.65,72.53,66.59,59.53,70.65,73.12
229,42909.0,Ramazan Oezcan,187.96,185,35.0,69.58,70.26,65.26,63.84,67.84,73.79
788,190741.0,Ali Ahamada,187.96,183,131.0,69.57,72.29,64.29,66.5,68.64,73.79
905,24155.0,Tom Heaton,187.96,190,38.0,69.56,72.22,68.56,63.89,68.33,72.22
226,29303.0,Daniel Haas,187.96,190,33.0,69.55,68.73,69.09,60.73,68.27,74.45
593,26241.0,Olivier Sorin,187.96,168,127.0,69.55,67.64,75.27,69.55,73.18,66.27
255,75390.0,Jacobo,195.58,181,30.0,69.55,73.0,67.45,70.73,69.0,71.64
178,45244.0,Antunes,175.26,152,1.0,69.55,5.82,10.82,31.18,11.73,14.82
710,68422.0,Roberto Fernandez,187.96,176,13.0,69.5,67.0,71.0,66.0,70.0,73.0
477,22924.0,Neil Alexander,185.42,163,52.0,69.5,72.08,72.83,66.5,70.5,68.75
963,27547.0,Stefan Wessels,190.5,198,1.0,69.5,73.75,68.25,52.25,62.5,71.75
838,11716.0,Pedro Roma,185.42,183,2.0,69.5,70.75,67.0,66.5,66.5,71.0
491,39163.0,Dimitrios Eleftheropoulos,190.5,183,1.0,69.5,78.0,64.5,65.0,66.0,70.0
295,36029.0,Christopher Heimeroth,193.04,201,27.0,69.46,69.85,66.54,59.92,70.31,74.46
207,185644.0,Mathew Ryan,182.88,181,35.0,69.43,69.86,65.43,70.36,69.36,72.64
915,41178.0,Stephane Pichot,177.8,170,1.0,69.4,8.0,19.4,63.8,19.6,20.2
875,29529.0,Dario Kresic,195.58,212,1.0,69.4,74.2,65.7,66.2,64.7,71.9
270,22125.0,Paulo Lopes,185.42,176,33.0,69.38,70.0,73.38,64.62,70.38,68.38
170,26818.0,Anders Lindegaard,193.04,174,19.0,69.36,73.36,69.79,58.14,64.79,72.5
259,73409.0,Oerjan Haaskjold Nyland,193.04,198,6.0,69.35,70.24,64.59,77.47,65.88,77.35
897,162885.0,Eugenio Lamanna,185.42,176,19.0,69.33,68.67,68.67,65.67,68.67,72.5
558,26350.0,Jody Viviani,190.5,179,33.0,69.33,66.67,69.33,70.33,66.0,74.33
677,212147.0,Sonny Stevens,193.04,192,13.0,69.33,71.17,71.5,63.5,66.17,71.17
328,13345.0,Pawel Kieszek,187.96,181,143.0,69.31,70.08,67.77,62.92,68.92,70.69
257,183348.0,Dani Hernandez,195.58,196,24.0,69.25,66.25,73.5,77.25,72.0,68.62
234,27558.0,Francesco Benussi,187.96,176,69.0,69.23,70.62,69.08,64.31,66.23,74.77
304,26547.0,Remko Pasveer,187.96,201,136.0,69.2,69.6,66.4,66.0,71.8,69.2
639,27677.0,Ivan Pelizzoli,193.04,196,10.0,69.18,71.09,67.64,64.27,70.36,70.0
505,71498.0,Javi Varas,182.88,163,123.0,69.09,72.18,67.64,62.36,65.91,74.73
608,38520.0,Sergio Sanchez,190.5,183,7.0,69.0,71.0,71.5,67.5,70.0,70.0
36,25811.0,Johnny Leoni,187.96,174,95.0,69.0,72.1,68.8,57.5,67.2,71.8
303,26663.0,Martin Pieckenhagen,185.42,190,43.0,69.0,69.0,67.33,65.0,64.0,71.67
732,26150.0,Gregory Malicki,187.96,190,33.0,69.0,68.36,64.29,66.21,72.79,74.29
599,2984.0,Sergio Aragones,182.88,176,38.0,69.0,73.14,63.86,62.43,63.71,74.0
358,186054.0,Joel Robles,195.58,198,43.0,69.0,68.33,68.89,67.89,70.78,69.56
881,26003.0,Hans Vonk,195.58,183,4.0,69.0,68.0,69.0,64.0,73.0,70.0
127,42592.0,Khalid Sinouh,190.5,190,8.0,69.0,72.0,65.5,57.33,71.5,67.17
32,195782.0,Marco Bizot,193.04,187,68.0,68.94,71.5,67.17,64.22,66.5,72.33
538,265273.0,Gabriel,193.04,198,7.0,68.91,74.0,66.36,60.91,63.55,74.82
869,210114.0,Benjamin Lecomte,185.42,172,83.0,68.91,73.73,68.18,66.45,65.82,71.55
687,40992.0,Wolfgang Hesl,185.42,192,17.0,68.91,70.18,66.18,69.27,67.91,72.55
59,156553.0,Sergio Padt,198.12,203,97.0,68.9,74.2,64.7,69.7,65.2,72.8
148,103468.0,Johny Placide,180.34,196,50.0,68.88,69.62,65.88,63.75,69.12,70.12
745,37780.0,Darren Randolph,185.42,176,117.0,68.88,70.75,66.81,69.88,67.12,71.5
77,33109.0,Laurent Pionnier,182.88,170,41.0,68.84,71.53,69.0,66.05,71.26,70.11
246,40959.0,Hugo Ventura,182.88,174,104.0,68.83,69.08,67.25,69.33,66.75,70.75
326,26117.0,Mathieu Valverde,187.96,187,56.0,68.8,67.8,70.8,75.0,66.4,70.4
57,22978.0,Ross Turnbull,193.04,187,28.0,68.8,71.13,68.73,68.73,65.87,70.93
594,33826.0,Francesco Arnau,185.42,179,20.0,68.8,67.6,70.8,67.2,72.2,70.8
376,39510.0,Andrea Campagnolo,182.88,159,31.0,68.77,66.85,66.77,64.08,72.08,70.85
122,36013.0,Dennis Gentenaar,180.34,172,56.0,68.75,65.62,67.25,63.62,71.38,69.25
121,35442.0,Bradley Jones,190.5,168,43.0,68.73,71.33,65.8,69.07,66.27,72.87
222,42829.0,Jelle ten Rouwelaar,185.42,187,215.0,68.71,69.71,65.79,65.93,69.79,69.29
447,11321.0,Vincent Plante,190.5,187,53.0,68.71,69.14,67.71,66.86,67.43,70.71
822,416175.0,Jose Sa,193.04,187,14.0,68.67,71.0,66.5,60.67,66.17,72.83
440,41045.0,Samir Ujkani,185.42,172,44.0,68.67,70.33,66.92,62.17,70.92,74.17
25,500575.0,Rafael Defendi,190.5,194,37.0,68.67,69.33,67.33,64.33,71.33,70.0
878,39609.0,Martin Lejsal,195.58,205,10.0,68.67,66.5,67.5,54.67,70.67,73.33
929,40581.0,Lee Camp,182.88,163,1.0,68.64,70.27,69.82,70.36,64.91,68.0
738,10637.0,Andris Vanins,185.42,176,223.0,68.64,70.71,71.79,64.79,63.36,71.36
362,39313.0,Cristiano Lupatelli,187.96,185,4.0,68.6,68.6,68.4,60.8,70.0,70.0
50,414788.0,Gianluca Pegolo,182.88,168,91.0,68.6,68.5,66.6,61.0,69.7,72.8
347,26484.0,Boy Waterman,187.96,183,68.0,68.58,70.37,65.79,71.32,65.53,72.68
760,34485.0,Franco Costanzo,187.96,192,64.0,68.56,67.22,62.44,63.67,67.33,76.0
893,94139.0,Raphael Wolf,190.5,190,48.0,68.55,70.5,66.09,60.18,67.18,73.18
809,581726.0,Raul Gudino,195.58,185,11.0,68.5,72.5,63.5,60.0,67.0,75.0
790,698273.0,Alban Lafont,193.04,170,24.0,68.5,70.5,71.5,68.5,70.0,70.0
872,23075.0,Franco Sosa,177.8,161,1.0,68.5,6.5,16.5,42.5,14.0,14.0
568,27658.0,Federico Agliardi,190.5,190,38.0,68.44,68.38,66.12,59.06,70.06,71.56
845,11024.0,Tomas Cerny,182.88,183,135.0,68.43,68.0,66.43,62.71,68.71,71.43
401,24454.0,Lorenzo Squizzi,190.5,196,9.0,68.43,68.57,69.14,60.86,70.71,68.0
806,38484.0,Juan Carlos,182.88,168,7.0,68.4,76.4,63.7,67.8,59.4,75.7
254,74689.0,Jaime,187.96,176,29.0,68.4,68.73,67.2,59.47,67.47,72.8
100,5710.0,Diederik Boer,193.04,198,53.0,68.38,67.75,66.75,64.12,70.12,71.5
709,26576.0,Rob van Dijk,187.96,183,59.0,68.38,65.5,72.5,69.5,74.0,62.0
808,570468.0,Andre Moreira,195.58,187,19.0,68.33,68.0,68.67,64.67,71.0,70.67
108,242243.0,William Dutoit,182.88,172,27.0,68.33,71.33,66.33,63.0,68.33,73.67
83,39573.0,Olivier Renard,187.96,170,81.0,68.33,68.83,71.67,64.17,66.17,69.83
331,243482.0,Benjamin van Leer,187.96,168,34.0,68.33,70.33,69.0,68.0,67.67,67.67
653,49541.0,Vincenzo Fiorillo,190.5,174,7.0,68.33,68.22,66.89,63.33,67.44,71.33
263,194632.0,Mika,195.58,198,58.0,68.33,69.67,68.33,67.67,68.11,70.22
17,40014.0,Sebastien Chabbert,185.42,176,22.0,68.33,65.0,72.5,56.33,72.5,65.83
29,91929.0,Laszlo Koteles,185.42,185,87.0,68.31,70.69,65.77,64.23,64.08,73.31
6,159883.0,Yohan Thuram Ulien,187.96,187,70.0,68.25,71.6,65.3,64.3,68.15,70.65
619,18558.0,Nicolas Navarro,190.5,192,18.0,68.25,68.25,68.75,69.38,67.0,69.12
503,46741.0,Johan Liebus,185.42,185,1.0,68.25,67.5,67.25,67.5,68.5,69.0
24,19515.0,Cassio,185.42,174,193.0,68.2,69.53,65.33,63.8,68.27,70.47
146,27255.0,Thomas Kessler,198.12,203,33.0,68.2,69.1,68.6,62.3,67.0,69.0
839,164354.0,Pedro Trigueira,190.5,205,33.0,68.2,71.4,66.4,69.0,65.8,70.6
950,151075.0,Pablo Cendros,175.26,161,1.0,68.12,7.88,12.38,21.0,9.38,9.38
267,363364.0,Ederson Moraes,187.96,183,46.0,68.08,70.17,64.0,79.0,68.25,71.17
313,119079.0,Alex McCarthy,193.04,174,22.0,68.0,70.4,66.4,61.0,67.4,71.53
332,42390.0,Ferdinando Coppola,187.96,190,30.0,68.0,68.47,66.67,59.73,72.67,69.47
27,164316.0,Marafona,190.5,190,66.0,68.0,67.6,65.0,68.4,71.2,70.6
349,32034.0,Bruno Vale,193.04,185,17.0,68.0,68.5,67.75,66.75,66.25,68.5
641,35477.0,David Stockdale,190.5,185,37.0,68.0,69.92,65.5,73.17,66.17,70.5
615,33688.0,Jeremy Gavanon,182.88,163,4.0,68.0,66.0,70.0,68.0,64.0,76.0
659,380949.0,Igor Stefanovic,193.04,190,32.0,68.0,71.0,67.0,69.5,67.0,70.0
116,38252.0,Frederic Herpoel,182.88,183,7.0,68.0,68.0,67.0,68.0,69.0,69.0
862,35453.0,Ricardo Batista,193.04,174,28.0,68.0,66.0,69.0,65.71,67.57,70.57
264,121854.0,Luiz Carlos,190.5,190,2.0,68.0,69.5,69.0,69.5,67.0,69.0
262,16362.0,Andjelko Djuricic,190.5,187,27.0,68.0,67.0,70.0,69.0,68.0,70.0
717,178771.0,Andreas Luthe,195.58,187,3.0,67.94,70.88,64.5,62.25,66.25,72.88
646,35626.0,Emanuele Belardi,187.96,176,7.0,67.91,67.09,68.55,59.82,70.73,67.45
795,147733.0,Mohamed Amsif,187.96,196,25.0,67.9,71.0,62.8,60.9,63.4,75.3
882,27329.0,Kevin Stuhr Ellegaard,195.58,205,28.0,67.9,60.0,70.8,69.7,71.6,71.8
697,287894.0,Loris Karius,190.5,192,90.0,67.86,72.05,64.36,68.32,63.64,72.36
688,268306.0,Gideao,190.5,209,8.0,67.86,66.71,65.86,63.29,69.14,72.29
877,26483.0,Brian Vandenbussche,195.58,203,55.0,67.83,71.0,64.67,64.75,67.0,69.0
425,27667.0,Alfonso De Lucia,185.42,185,22.0,67.83,75.5,65.83,63.83,67.17,67.83
772,25947.0,Marco Woelfli,185.42,183,174.0,67.79,68.71,61.36,72.5,66.5,74.36
636,31226.0,Geert De Vlieger,185.42,179,10.0,67.75,66.5,66.75,64.5,72.75,66.5
817,185908.0,Rui Rego,175.26,165,88.0,67.67,67.67,69.0,61.67,69.0,68.0
42,186705.0,Matthew Jones,190.5,183,54.0,67.67,69.33,65.33,68.33,67.33,71.33
341,42710.0,Maikel Aerts,195.58,201,39.0,67.67,69.17,60.33,65.0,67.17,71.5
726,34480.0,Davy Schollen,190.5,192,11.0,67.67,64.33,67.67,73.0,66.33,70.0
651,35495.0,Dorus De Vries,190.5,212,4.0,67.67,69.67,63.4,73.4,63.73,72.07
338,39204.0,Alex Calderoni,182.88,183,8.0,67.67,68.33,65.33,58.67,73.0,69.0
645,423223.0,Simone Scuffet,187.96,165,17.0,67.64,68.64,61.27,55.45,67.82,76.27
133,27376.0,Max Gruen,190.5,190,25.0,67.58,69.42,65.42,63.83,67.67,68.33
356,24886.0,Michael Pollitt,193.04,194,5.0,67.56,67.0,69.56,67.89,68.44,66.22
48,16199.0,Boban Bajkovic,187.96,185,22.0,67.5,71.0,63.5,67.0,66.0,72.5
649,213299.0,Nicola Leali,187.96,172,62.0,67.5,69.58,66.17,55.92,63.58,74.75
803,42247.0,Eldin Jakupovic,190.5,183,17.0,67.5,68.62,67.88,64.62,65.62,70.75
233,181911.0,Vid Belec,193.04,185,52.0,67.45,68.0,64.18,58.09,67.0,74.18
835,202632.0,Lee,187.96,185,10.0,67.43,69.86,67.29,65.0,65.57,70.71
728,24634.0,Radek Cerny,187.96,192,5.0,67.4,69.6,65.2,57.0,64.6,70.6
569,155246.0,Angelo da Costa,185.42,179,45.0,67.33,67.5,66.17,62.83,67.5,70.83
290,96651.0,Manu Fernandez,182.88,170,15.0,67.27,67.91,64.0,67.36,67.64,72.73
610,103372.0,Elinton Andrade,190.5,190,2.0,67.25,64.5,67.75,66.25,74.25,67.0
387,178732.0,Lukasz Skorupski,187.96,185,92.0,67.23,72.15,62.08,50.38,67.38,71.92
115,24368.0,Jamie Ashdown,190.5,203,5.0,67.22,69.22,67.33,65.67,64.33,67.67
515,157303.0,Adam Bogdan,193.04,198,25.0,67.2,70.3,64.2,60.7,66.3,71.1
679,209785.0,Nick Marsman,187.96,194,79.0,67.18,68.09,66.0,70.91,65.0,71.09
456,150747.0,Etrit Berisha,193.04,203,34.0,67.16,68.84,70.74,56.0,66.47,69.32
657,196126.0,Daniel Gimenez,182.88,170,14.0,67.12,69.88,60.75,59.5,62.75,75.5
805,24341.0,Jan Mucha,187.96,192,43.0,67.12,68.75,67.0,59.38,62.38,71.25
49,26594.0,Vladan Kujovic,185.42,179,36.0,67.0,64.2,68.1,64.9,70.2,66.0
547,261787.0,Iago Herrerin,187.96,198,10.0,67.0,65.7,74.7,58.1,67.8,63.0
955,33693.0,Craig Conway,175.26,148,1.0,67.0,11.83,16.25,26.75,13.67,11.92
521,101590.0,Oier Olazabal,187.96,187,17.0,67.0,66.5,65.25,73.75,73.62,62.12
306,26670.0,Brian van Loo,198.12,209,35.0,67.0,68.0,67.0,68.12,65.5,65.75
214,36479.0,Thorsten Kirschbaum,193.04,198,21.0,67.0,69.81,65.0,64.5,64.0,70.38
312,69259.0,Lukasz Zaluska,187.96,190,66.0,67.0,66.82,64.82,63.55,66.36,70.45
46,181069.0,Matz Sels,187.96,181,96.0,66.92,69.75,65.0,67.17,65.83,69.08
98,24579.0,Mark Bunn,182.88,172,37.0,66.92,69.08,65.77,67.23,61.92,72.38
53,27560.0,Antonio Rosati,195.58,179,51.0,66.9,68.8,61.6,53.9,67.6,75.3
840,37206.0,Gino Coutinho,180.34,187,155.0,66.88,70.06,64.75,64.19,63.25,70.81
128,37900.0,Sammy Bossuyt,185.42,172,179.0,66.85,68.92,65.0,59.15,64.38,69.38
215,69149.0,Mitchell Langerak,193.04,179,21.0,66.83,68.83,64.11,67.94,63.06,71.17
238,50051.0,David Gonzalez,193.04,185,14.0,66.83,68.5,67.67,66.5,69.83,65.0
78,215307.0,Jonathan Ligali,182.88,190,13.0,66.82,71.45,66.82,61.73,63.27,70.64
495,352860.0,Mouez Hassen,182.88,154,46.0,66.8,69.4,65.0,63.9,65.5,69.5
883,553476.0,Sergio Rochet,190.5,176,31.0,66.8,71.6,61.0,69.0,63.8,71.6
778,24210.0,Nicky Weaver,190.5,183,19.0,66.78,64.89,67.67,68.89,65.44,70.44
863,163981.0,Bruno Verissimo,172.72,176,8.0,66.78,66.44,69.56,67.22,69.33,67.78
345,467024.0,Hidde Jurjus,187.96,170,34.0,66.75,71.75,62.75,66.0,62.25,73.75
825,278865.0,Patrick Rakovsky,187.96,176,6.0,66.75,70.12,62.5,66.0,62.5,71.75
488,26252.0,Tony Heurtebis,180.34,161,7.0,66.75,65.75,63.75,59.0,71.75,67.75
366,165952.0,Marco Silvestri,190.5,176,3.0,66.72,72.0,61.72,53.06,63.22,75.39
448,46224.0,Cyrille Merville,180.34,165,19.0,66.71,67.43,68.14,65.14,67.43,67.43
624,43282.0,Dani Mallo,185.42,183,15.0,66.7,65.8,67.7,61.8,68.1,65.2
564,46535.0,Thierry Debes,185.42,159,1.0,66.67,68.17,63.83,67.83,63.67,72.83
333,212630.0,Marco Sportiello,193.04,192,76.0,66.64,71.36,63.45,60.91,62.36,71.55
436,23307.0,Steve Simonsen,187.96,176,13.0,66.6,67.1,65.9,67.9,67.6,67.9
407,12318.0,Dusan Pernis,190.5,198,105.0,66.57,66.57,66.86,62.86,69.0,67.14
585,114762.0,Manolo Reina,185.42,176,18.0,66.56,68.89,64.89,62.78,65.22,70.11
714,246201.0,Sergio Alvarez,177.8,165,73.0,66.56,65.67,65.78,67.44,69.11,67.78
382,66757.0,Lucas Hradecky,190.5,176,34.0,66.53,68.74,66.89,65.89,64.11,69.0
919,164099.0,Mica,180.34,165,1.0,66.5,6.0,7.0,14.0,6.0,7.0
666,74354.0,Massimiliano Benassi,180.34,170,27.0,66.5,68.1,63.5,59.0,65.6,71.0
555,107806.0,Didier Ovono,185.42,190,84.0,66.5,69.0,61.88,63.75,64.88,70.25
316,148483.0,Marian Kello,187.96,192,114.0,66.5,67.5,66.33,55.5,66.17,69.0
132,170322.0,Koen Casteels,198.12,190,57.0,66.45,70.55,64.09,64.36,63.91,67.18
549,206592.0,Darren Keet,182.88,170,84.0,66.43,67.43,68.57,65.71,63.57,66.86
336,39294.0,Davide Bassi,190.5,181,8.0,66.43,67.0,63.29,60.14,69.14,69.71
830,210046.0,Vladan Giljen,187.96,187,21.0,66.33,68.0,68.0,61.33,64.67,69.0
691,22822.0,Aleksander Seliga,185.42,174,32.0,66.33,65.33,66.67,65.0,67.0,69.67
702,192064.0,Yoel Rodriguez,185.42,185,45.0,66.33,68.8,64.6,64.2,63.33,69.33
484,46704.0,Johan Carrasso,187.96,192,32.0,66.33,66.83,67.58,63.67,67.33,70.25
888,311009.0,Clement Maury,180.34,170,34.0,66.33,69.33,66.67,66.67,63.67,70.67
620,41322.0,Matteo Gianello,187.96,185,5.0,66.33,66.33,65.33,67.67,66.33,69.0
69,24000.0,Iain Turner,190.5,179,4.0,66.33,67.22,65.33,67.67,64.11,68.78
405,163255.0,Luigi Sepe,190.5,198,31.0,66.27,65.91,66.36,60.55,65.0,69.45
418,75579.0,Marian Kelemen,187.96,185,107.0,66.25,68.38,61.62,65.0,65.25,69.88
958,248437.0,Alexander Schwolow,187.96,183,1.0,66.17,67.33,62.0,65.0,66.33,69.0
789,210682.0,Zacharie Boucher,180.34,174,32.0,66.15,69.0,65.46,68.38,63.92,69.77
109,26589.0,Bram Castro,190.5,183,82.0,66.14,63.71,66.14,69.29,66.71,67.57
927,51409.0,Emerson,185.42,183,1.0,66.14,7.0,14.43,36.0,15.71,15.71
899,150210.0,Darley,187.96,168,5.0,66.1,71.0,63.5,66.4,62.3,71.7
370,33431.0,Romain Salin,185.42,172,131.0,66.1,68.8,64.9,56.9,64.8,67.2
113,38341.0,Yves De Winter,187.96,181,94.0,66.09,68.73,64.55,60.18,65.09,68.0
672,40186.0,Mario Felgueiras,185.42,176,21.0,66.0,63.83,65.83,66.17,66.83,66.83
713,396526.0,Ruben Blanco,187.96,154,9.0,66.0,69.0,75.0,58.25,62.12,61.75
595,33827.0,Inaki Goitia,187.96,179,26.0,66.0,66.9,68.4,60.4,65.3,66.2
712,5044.0,Jeroen Verhoeven,198.12,227,21.0,66.0,61.0,67.33,71.0,64.83,70.83
670,280348.0,Huanderson,187.96,183,23.0,66.0,67.0,60.0,68.0,64.0,74.0
219,150242.0,Eloy Room,187.96,179,113.0,65.93,65.29,68.93,66.71,64.64,64.71
275,177698.0,Daniel Davari,193.04,198,38.0,65.92,67.15,64.92,66.15,64.46,68.31
160,78904.0,Guy-Roland N'Dy Assembe,182.88,174,86.0,65.9,71.8,66.2,59.0,61.8,69.5
276,5440.0,Marjan Petkovic,185.42,185,5.0,65.88,68.12,64.0,65.5,64.25,67.12
126,141126.0,Benjamin Kirsten,182.88,168,6.0,65.88,71.5,63.25,56.5,60.62,69.25
41,38536.0,Enaut Zubikarai,185.42,185,30.0,65.86,69.43,64.29,55.14,63.57,71.0
529,140951.0,Macedo Novaes,182.88,174,22.0,65.86,69.43,65.0,68.86,64.57,65.71
334,39713.0,Ciro Polito,182.88,183,4.0,65.86,66.14,63.0,58.29,67.86,70.57
179,23979.0,Robert Elliot,187.96,205,35.0,65.86,67.57,64.29,65.57,66.43,67.86
15,214340.0,Parfait Mandanda,182.88,172,35.0,65.83,71.33,60.83,62.0,61.0,71.17
546,96618.0,Raul Fernandez,195.58,190,5.0,65.83,62.5,73.67,61.33,68.33,64.17
70,13131.0,Tomislav Pacovski,185.42,185,70.0,65.82,66.73,63.27,56.91,64.45,68.18
199,208699.0,Colin Coosemans,185.42,183,66.0,65.82,70.09,63.09,65.64,59.55,69.73
683,571298.0,Miguel Silva,187.96,172,24.0,65.8,69.8,66.6,55.8,67.0,71.4
93,37335.0,Lukas Kruse,185.42,185,34.0,65.8,70.33,64.4,56.33,59.73,71.0
475,529324.0,Jerome Prior,182.88,194,11.0,65.8,69.0,64.4,65.4,63.8,67.6
18,11336.0,Rudy Riou,185.42,172,69.0,65.79,63.57,67.14,64.86,68.0,69.14
311,448805.0,Christian Mathenia,187.96,198,33.0,65.75,66.92,63.75,62.92,65.33,67.75
837,25993.0,Rui Nereu,182.88,163,14.0,65.75,66.0,66.5,68.5,60.5,68.0
497,94306.0,Joris Delle,187.96,185,12.0,65.73,66.45,66.45,64.27,64.36,70.0
614,185618.0,Pierrick Cros,185.42,165,51.0,65.71,66.71,61.86,58.86,66.57,72.0
601,30899.0,Hamdi Kasraoui,193.04,192,12.0,65.67,71.0,64.67,60.33,61.0,67.0
353,150066.0,Giovanaz Assis,187.96,203,18.0,65.67,67.33,61.78,67.22,65.0,69.67
135,37971.0,Glenn Verbauwhede,187.96,176,60.0,65.67,67.5,64.83,65.33,62.33,68.67
335,42009.0,Giorgio Frezzolini,187.96,179,2.0,65.6,63.9,64.1,58.1,73.0,67.9
947,41129.0,Paolo Acerbis,203.2,190,1.0,65.6,63.6,64.2,61.6,68.2,67.2
870,41195.0,Florent Chaigneau,198.12,207,14.0,65.5,65.75,61.25,69.75,72.75,66.75
426,41948.0,Luca Anania,185.42,176,3.0,65.5,62.33,60.83,71.0,71.67,69.0
579,32584.0,Jamie MacDonald,185.42,174,150.0,65.5,67.4,65.4,62.6,65.5,69.1
342,45836.0,Niki Maeenpaeae,190.5,187,51.0,65.5,69.5,65.5,62.5,62.33,66.83
675,202215.0,Renan,190.5,172,2.0,65.5,67.75,67.0,59.25,64.25,70.25
20,79248.0,Denis Petric,185.42,183,11.0,65.42,63.92,67.33,59.83,68.58,67.75
648,41405.0,Nicola Ravaglia,185.42,187,8.0,65.4,64.2,64.8,58.0,65.8,69.8
102,352365.0,Mickey van der Hart,187.96,192,40.0,65.38,68.25,60.25,69.12,65.62,68.75
302,38628.0,Sven Neuhaus,193.04,198,2.0,65.33,63.56,68.11,52.67,66.0,64.89
849,33682.0,Cees Paauwe,198.12,203,24.0,65.33,66.33,63.33,73.33,71.0,58.33
159,120598.0,Jonas Loessl,195.58,196,67.0,65.33,61.92,65.67,60.92,65.67,70.5
820,157856.0,Vaso Vasic,185.42,176,44.0,65.33,68.08,61.17,64.42,64.42,70.08
200,242300.0,Michael Clepkens,187.96,194,12.0,65.33,73.0,57.0,61.67,60.33,72.0
195,43313.0,Mariusz Pawelek,185.42,179,105.0,65.33,71.33,54.5,72.17,66.92,69.08
791,33129.0,Olivier Blondel,187.96,172,15.0,65.33,68.33,65.0,55.67,66.33,65.83
95,39890.0,Mark Volders,187.96,183,8.0,65.29,65.86,62.14,61.43,65.43,69.0
392,69382.0,Radoslaw Janukiewicz,190.5,196,91.0,65.29,65.86,56.36,52.07,66.93,74.0
154,23918.0,Peter Enckelman,187.96,196,54.0,65.29,68.14,65.29,57.71,68.57,63.71
978,24399.0,Ben Alnwick,182.88,176,1.0,65.25,64.88,63.75,62.62,62.62,72.62
361,282706.0,Alessio Cragno,182.88,172,14.0,65.25,69.75,61.62,53.0,59.0,75.0
23,110382.0,Matias Omar Degra,190.5,190,21.0,65.25,67.5,62.25,74.0,64.0,68.0
431,38395.0,Alberto Cifuentes,187.96,148,15.0,65.22,62.67,67.67,63.44,74.11,60.11
629,32693.0,Alan Combe,185.42,172,37.0,65.2,63.4,67.2,63.2,64.2,66.4
344,156546.0,Kostas Lamprou,175.26,141,81.0,65.14,66.57,58.0,68.14,60.71,73.57
912,279866.0,Donovan Leon,185.42,194,2.0,65.11,68.56,58.67,64.11,64.11,70.67
493,510569.0,Yoan Cardinale,180.34,185,25.0,65.11,67.11,64.44,60.0,65.0,67.44
145,114211.0,Miro Varvodic,190.5,187,7.0,65.0,70.33,57.83,54.5,59.5,72.0
40,181433.0,Claudio Ramos,182.88,176,19.0,65.0,67.0,64.0,64.5,65.5,67.0
103,26586.0,Kevin Begois,185.42,172,62.0,65.0,63.0,64.33,64.0,67.0,65.67
660,301812.0,Ricardo Andrade,187.96,174,11.0,65.0,67.5,61.5,62.0,64.0,69.0
525,101920.0,Jonathan Lopez,182.88,179,4.0,65.0,70.0,60.0,46.5,61.0,71.0
895,35991.0,Christian Vander,195.58,198,6.0,65.0,66.29,60.29,59.0,65.43,69.43
352,301804.0,Ricardo,182.88,161,26.0,65.0,66.5,64.5,57.25,68.25,65.75
398,177152.0,Marko Meerits,185.42,185,3.0,65.0,68.0,55.0,66.0,61.0,74.0
124,150021.0,Karl-Johan Johnsson,187.96,185,28.0,64.93,67.93,60.0,60.27,60.8,74.8
715,38668.0,Philipp Heerwagen,193.04,196,33.0,64.92,67.25,59.75,58.5,64.92,68.83
607,102394.0,Alberto Garcia,182.88,170,6.0,64.91,69.0,61.18,62.18,62.18,70.73
2,67949.0,Olivier Werner,190.5,187,76.0,64.91,68.36,60.09,61.91,61.55,70.82
841,45492.0,Robert Zwinkels,185.42,181,33.0,64.9,64.0,65.1,66.9,65.1,68.3
0,36835.0,Bram Verbist,182.88,196,95.0,64.86,63.14,63.0,68.86,62.57,67.43
886,181619.0,Benjamin Leroy,185.42,163,23.0,64.83,67.5,61.92,56.17,64.5,69.33
508,282680.0,Julian,195.58,209,16.0,64.8,64.2,63.8,65.6,70.0,63.0
719,182843.0,Alessandro Iacobucci,187.96,181,5.0,64.8,65.0,65.0,61.8,64.0,66.6
374,12209.0,Tomas Kosicky,198.12,205,7.0,64.8,63.6,62.2,56.0,65.0,69.6
367,41478.0,Gabriele Perico,182.88,165,1.0,64.75,4.58,12.83,16.42,8.83,8.83
928,41534.0,Walter Bressan,182.88,172,1.0,64.75,62.38,66.5,57.62,70.25,63.75
718,39567.0,Nicola Pavarini,190.5,179,16.0,64.75,70.5,62.0,66.0,64.0,67.0
552,189181.0,Abdoulaye Diallo,187.96,174,9.0,64.75,64.75,61.75,58.25,59.5,74.5
904,24788.0,Brian Jensen,185.42,172,38.0,64.73,65.33,65.0,59.2,64.53,65.67
725,213684.0,Jordi Masip,177.8,159,1.0,64.71,70.43,60.29,59.14,57.0,70.57
931,190971.0,Damiano Zanon,177.8,161,1.0,64.67,13.17,13.17,9.17,4.17,12.17
933,116243.0,Rafael Romo,198.12,187,1.0,64.67,63.33,62.0,61.0,64.33,67.67
626,553849.0,Pierluigi Gollini,187.96,176,28.0,64.62,70.38,56.88,55.88,61.62,73.88
368,128803.0,Simone Colombi,187.96,183,5.0,64.6,67.3,62.7,51.9,62.2,71.5
967,23147.0,Joe Lewis,198.12,187,1.0,64.6,69.1,60.0,58.6,60.4,69.2
30,37937.0,Davino Verhulst,193.04,198,100.0,64.6,65.93,63.73,65.13,62.27,67.87
499,189958.0,Leonard Nienhuis,182.88,198,93.0,64.56,65.33,66.0,64.22,61.89,68.0
129,36872.0,Kenny Steppe,185.42,154,23.0,64.55,65.36,61.73,62.45,64.27,66.73
827,150275.0,Nelson Pedroso,180.34,168,3.0,64.5,13.0,13.0,6.0,7.0,15.0
836,69341.0,Boris Peskovic,187.96,190,16.0,64.5,71.5,57.5,63.0,61.25,72.0
887,26410.0,Quentin Westberg,182.88,174,2.0,64.5,65.67,62.67,70.33,61.5,67.33
799,41975.0,Alex Valentini,185.42,176,11.0,64.4,67.0,63.0,55.8,63.4,70.2
403,150464.0,Andrea Seculin,190.5,176,3.0,64.4,66.8,61.3,52.0,61.1,71.8
831,181215.0,Elisson,187.96,187,4.0,64.33,63.67,67.33,68.0,61.67,65.67
591,15361.0,Jasmin Buric,193.04,183,101.0,64.33,66.33,63.67,56.33,60.42,69.75
874,36147.0,Benedikt Fernandez,182.88,176,3.0,64.33,67.0,59.67,56.0,58.0,72.33
962,67402.0,Paolo Collaviti,180.34,183,1.0,64.33,56.0,66.0,70.0,65.0,69.0
346,26508.0,Joost Terol,195.58,198,6.0,64.33,64.67,63.33,65.33,65.0,65.0
340,394824.0,Salvador Ichazo,187.96,183,4.0,64.33,67.67,62.0,60.33,61.67,69.33
868,40712.0,Lionel Cappone,182.88,163,22.0,64.33,65.5,59.67,58.58,67.75,66.5
237,32418.0,Jamie Langfield,193.04,183,194.0,64.33,66.27,62.93,57.27,63.2,67.2
323,26164.0,Joan Hartock,190.5,194,2.0,64.3,65.5,63.0,61.8,67.3,66.9
193,163887.0,Cristiano,195.58,198,27.0,64.25,59.5,69.5,55.75,67.0,63.75
539,38230.0,Apoula Edima Edel,182.88,176,45.0,64.25,67.5,64.25,60.25,61.5,66.5
153,14100.0,Alan Mannus,187.96,203,156.0,64.23,66.77,64.31,57.38,64.08,67.62
511,532942.0,Pau Sabata,187.96,159,36.0,64.2,62.6,65.8,60.6,65.6,64.6
701,246422.0,Juan Carlos,187.96,181,51.0,64.2,68.2,59.4,57.0,61.4,70.2
26,45245.0,Julio Coelho,177.8,161,19.0,64.17,65.0,63.0,60.67,62.5,65.0
378,281762.0,Pietro Terracciano,193.04,172,2.0,64.14,63.71,61.29,49.71,64.71,69.71
966,94658.0,Tom Mickel,182.88,187,1.0,64.12,66.75,62.88,67.12,60.25,66.38
286,309050.0,Dariusz Trela,187.96,176,74.0,64.11,72.22,52.22,57.56,62.33,71.33
942,2796.0,Javier Jimenez,182.88,170,1.0,64.1,74.2,57.8,60.8,57.1,68.6
604,75600.0,Chema,187.96,181,3.0,64.07,65.14,59.5,55.14,60.86,70.57
944,245599.0,Davy Roef,187.96,187,1.0,64.0,68.0,63.17,61.33,58.33,68.5
616,167285.0,Alireza Haghighi,193.04,176,25.0,64.0,67.67,58.0,55.33,63.83,73.0
60,37854.0,Frank Boeckx,180.34,187,24.0,64.0,65.12,61.0,68.0,63.0,65.25
681,41458.0,Massimo Zenildo Zappino,187.96,183,3.0,64.0,62.0,70.0,56.0,66.0,61.5
388,47249.0,Sebastian Nowak,198.12,212,37.0,64.0,64.0,56.0,70.33,63.0,69.33
89,25199.0,Yves Makaba-Makalamby,198.12,212,28.0,64.0,68.33,58.33,61.0,60.67,67.67
3,111025.0,Srdjan Blazic,198.12,205,12.0,64.0,71.0,61.0,51.0,64.5,64.5
528,11316.0,Jean-Louis Leca,180.34,165,45.0,64.0,61.22,64.56,56.11,65.89,69.22
542,13472.0,Arkadiusz Malarz,187.96,190,36.0,64.0,64.33,63.33,61.33,67.33,64.33
811,52160.0,Renny Vega,180.34,161,1.0,64.0,70.0,65.0,66.0,60.5,68.0
635,487334.0,Ofir Marciano,193.04,192,6.0,64.0,65.0,63.0,57.0,59.0,67.0
856,26585.0,Jurgen Wevers,203.2,212,10.0,64.0,67.0,58.0,72.0,64.0,62.0
847,94289.0,Idir Ouali,175.26,152,1.0,64.0,10.5,11.75,22.62,13.62,14.25
249,47421.0,Unai Alba,190.5,185,1.0,64.0,65.67,63.33,61.33,65.33,61.33
766,69825.0,Radek Petr,198.12,198,14.0,64.0,63.0,71.0,63.0,64.0,63.0
578,41643.0,"Michele Arcari,22",185.42,172,22.0,63.91,65.0,64.36,59.0,64.73,65.36
685,450742.0,Bartlomiej Dragowski,190.5,190,48.0,63.88,64.12,59.38,59.25,65.25,68.38
327,209422.0,Mateusz Prus,187.96,176,16.0,63.86,64.29,63.71,65.14,63.43,66.0
180,163604.0,Karl Darlow,185.42,174,9.0,63.85,64.8,64.05,60.0,62.1,67.45
173,155936.0,Ben Amos,193.04,168,1.0,63.83,64.5,64.0,64.67,59.0,70.67
793,180284.0,Marc Vidal,182.88,183,2.0,63.8,66.1,64.9,63.8,64.7,64.8
773,274787.0,Yvon Mvogo,187.96,185,88.0,63.78,66.11,60.33,58.67,63.44,68.0
468,268375.0,Emiliano Martinez,193.04,187,3.0,63.78,67.0,60.67,66.0,61.0,68.56
420,136539.0,Rafal Gikiewicz,187.96,181,41.0,63.73,66.6,59.4,62.33,64.6,67.33
317,33914.0,Craig Samson,187.96,176,162.0,63.73,65.0,63.27,53.45,62.36,66.55
463,12340.0,"Richard Zajac,28",185.42,179,73.0,63.71,66.14,59.43,70.29,64.0,70.71
406,39302.0,Alberto Pelagotti,187.96,181,6.0,63.71,61.86,63.57,61.14,63.71,68.14
957,299879.0,Alberto Brignoli,187.96,163,1.0,63.7,65.6,60.1,53.7,62.0,71.3
52,74028.0,Alberto Pomini,187.96,183,6.0,63.7,63.8,57.9,54.3,66.5,67.8
464,168295.0,Emilijus Zubas,195.58,176,45.0,63.7,64.8,64.3,55.5,60.7,67.2
158,156664.0,Mamadou Samassa,198.12,187,28.0,63.67,71.22,61.78,55.56,57.11,71.11
151,25852.0,Jean Francois Bedenik,180.34,165,59.0,63.67,64.33,69.17,58.17,62.0,64.5
625,43230.0,Robert Olejnik,187.96,183,53.0,63.67,65.5,59.0,51.75,64.25,65.92
544,127712.0,Declan Rudd,190.5,187,12.0,63.67,67.07,63.8,59.67,61.0,64.87
105,33330.0,Danny Wintjens,200.66,168,3.0,63.67,64.33,60.33,61.67,65.33,66.0
956,37117.0,Michael Cordier,182.88,165,1.0,63.67,65.0,63.33,63.33,60.33,67.67
932,303919.0,Jordan Pickford,185.42,170,2.0,63.62,67.5,57.62,73.0,63.88,66.12
86,22962.0,Ben Williams,187.96,190,74.0,63.62,65.23,58.0,55.38,62.38,68.23
71,131408.0,Thomas Kaminski,193.04,154,54.0,63.6,66.6,59.8,59.2,58.2,70.4
858,37993.0,Yves Lenaerts,187.96,176,10.0,63.6,63.4,61.4,66.0,62.6,67.8
859,41066.0,Michael McGovern,190.5,196,75.0,63.5,64.0,63.33,61.0,64.0,66.0
853,561819.0,Alessandro Damen,185.42,183,11.0,63.5,65.5,58.5,63.5,65.5,65.5
866,36181.0,Sascha Burchert,187.96,172,3.0,63.5,58.8,67.1,63.3,67.0,63.2
623,40583.0,Scott Flinders,193.04,192,8.0,63.5,66.17,63.92,55.25,59.75,66.75
136,37839.0,Bart Deelkens,187.96,185,22.0,63.5,62.0,65.0,63.0,65.0,64.0
118,38318.0,Jurgen Sierens,190.5,196,39.0,63.5,62.5,62.0,50.5,63.5,64.0
901,164317.0,Matos,190.5,201,1.0,63.5,64.25,66.5,62.5,64.25,63.25
690,36343.0,Manuel Salz,185.42,174,3.0,63.5,64.0,62.5,61.0,63.0,66.5
589,25942.0,Rui Sacramento,182.88,174,4.0,63.5,63.5,61.5,53.5,65.5,65.5
796,42276.0,David Zibung,187.96,192,253.0,63.5,67.7,57.7,62.4,57.75,71.5
843,47532.0,Martin Hansen,187.96,192,65.0,63.5,63.0,62.0,63.83,61.67,66.0
35,41722.0,David Da Costa,185.42,168,161.0,63.5,65.28,62.61,57.22,62.22,64.67
741,441302.0,Anton Mitryushkin,187.96,181,7.0,63.5,68.5,55.5,63.5,63.5,66.5
232,24694.0,"Matthew Gilks,18",185.42,179,18.0,63.45,64.36,63.45,60.36,62.55,66.0
628,32713.0,Cameron Bell,180.34,174,115.0,63.44,65.78,62.78,54.56,63.33,66.44
530,41886.0,Landry Bonnefoi,182.88,159,7.0,63.43,63.86,64.57,60.57,66.86,65.57
177,43006.0,Hans-Peter Berger,177.8,176,6.0,63.4,68.6,60.4,65.2,58.2,69.6
482,291643.0,Paul Nardi,187.96,170,2.0,63.4,68.5,60.7,56.4,56.5,69.5
310,72489.0,Matus Putnocky,195.58,201,40.0,63.4,66.4,61.6,61.0,63.4,67.4
900,355347.0,Lukas Raeder,193.04,192,28.0,63.33,66.83,61.33,65.83,56.5,69.17
197,13471.0,Radoslaw Cierzniak,182.88,179,149.0,63.33,65.78,61.22,54.56,63.11,66.11
903,68482.0,Carlos Servin,187.96,181,3.0,63.33,64.33,60.67,58.0,64.67,66.0
461,33272.0,Peter Jehle,187.96,176,64.0,63.33,64.56,62.33,62.11,60.11,66.89
968,23453.0,Paul Rachubka,185.42,187,1.0,63.31,65.23,59.69,61.69,60.62,67.69
638,104384.0,Sebastien Bruzzese,185.42,179,18.0,63.25,63.75,58.5,66.0,62.38,67.38
213,304355.0,Odisseas Vlachodimos,190.5,170,2.0,63.25,65.25,62.75,62.25,60.0,67.0
891,97865.0,Mario Fernandez Cuesta,185.42,163,13.0,63.2,65.9,63.4,55.2,58.9,70.1
125,129241.0,Hannes Thor Halldorsson,193.04,192,8.0,63.2,64.6,59.2,54.4,63.2,68.4
474,40549.0,Kevin Olimpa,185.42,203,4.0,63.2,65.8,63.8,64.0,66.4,62.4
371,11760.0,Jorge Baptista,185.42,192,5.0,63.2,63.6,60.8,59.2,59.6,65.8
68,23141.0,Paul Gallacher,182.88,174,116.0,63.17,62.58,63.17,55.08,64.92,64.17
230,97746.0,Jens Grahl,193.04,205,12.0,63.09,66.64,60.0,56.73,58.36,66.55
21,94324.0,Mathieu Dreyer,187.96,179,33.0,63.0,63.62,67.38,58.0,58.25,67.38
80,38289.0,Jugoslav Lazic,198.12,190,38.0,63.0,63.82,58.73,59.64,66.45,64.09
930,27666.0,Luca Bucci,180.34,174,1.0,63.0,58.0,66.0,69.0,67.0,66.0
218,231674.0,Erik Cummins,185.42,176,14.0,63.0,68.0,63.0,67.67,60.0,63.0
731,38559.0,Mikel Saizar,190.5,185,6.0,63.0,59.5,69.33,58.17,67.33,58.33
308,115268.0,Michal Peskovic,187.96,194,79.0,63.0,65.33,63.22,58.44,62.56,66.78
498,215311.0,Luca Veronese,187.96,159,5.0,63.0,65.0,66.5,57.5,70.5,57.0
829,277693.0,Marcelo Valverde,185.42,165,14.0,63.0,67.0,62.5,59.5,60.5,67.0
925,212873.0,Daniel Batz,187.96,185,1.0,63.0,63.5,63.0,66.83,59.67,66.67
922,163985.0,Ricardo Campos,187.96,181,1.0,63.0,65.0,64.0,68.0,67.0,64.0
84,38327.0,Wouter Biebauw,187.96,181,59.0,63.0,65.75,58.75,54.88,58.75,70.0
661,667964.0,Victor Braga,193.04,187,1.0,63.0,68.0,58.0,59.0,62.0,67.0
674,450003.0,Georgemy,195.58,196,3.0,63.0,70.0,61.0,60.0,58.0,66.0
832,361717.0,Rui Silva,187.96,187,30.0,62.89,64.89,60.44,60.89,61.78,67.33
87,24985.0,Graeme Smith,187.96,172,51.0,62.86,63.86,64.0,62.57,64.14,68.0
88,32658.0,Mark Brown,185.42,172,114.0,62.83,62.42,65.0,57.25,63.67,63.42
896,240338.0,Richard Strebinger,193.04,198,1.0,62.83,63.33,60.17,58.67,59.83,68.0
473,185386.0,Azbe Jug,190.5,203,2.0,62.8,64.4,62.8,64.6,62.6,62.2
66,75348.0,Bernardo Dominguez,185.42,190,1.0,62.78,59.44,63.78,58.56,60.0,67.56
428,114822.0,Grzegorz Sandomierski,195.58,190,104.0,62.75,67.25,59.0,61.5,58.0,67.67
532,477498.0,Raul Lizoain,187.96,176,7.0,62.75,62.38,61.0,54.38,65.75,65.62
22,602493.0,Paul Bernardoni,190.5,172,21.0,62.67,65.67,62.67,60.33,63.33,66.33
943,193533.0,Pablo Alcolea Guerrero,182.88,172,1.0,62.67,62.0,63.0,62.0,62.33,66.33
592,69594.0,Maciej Gostomski,195.58,198,39.0,62.64,63.0,59.55,51.36,66.0,65.09
8,279874.0,Guillaume Hubert,198.12,194,14.0,62.6,66.4,59.0,65.4,56.4,68.4
455,39769.0,Tommaso Berni,185.42,176,7.0,62.6,59.1,59.6,54.4,65.0,68.7
531,25329.0,Jesper Hansen,187.96,172,40.0,62.6,61.0,61.4,61.5,60.6,67.1
762,42113.0,Germano Vailati,185.42,185,51.0,62.56,67.56,58.56,54.0,63.67,62.22
240,33948.0,Jason Brown,180.34,212,27.0,62.56,62.67,63.89,59.78,61.22,65.56
390,107001.0,Pavels Steinbors,193.04,203,47.0,62.5,63.83,60.5,58.0,60.0,67.33
689,361013.0,Mamadou Ba,198.12,190,1.0,62.5,64.5,59.5,64.5,60.5,69.5
851,167059.0,Jordy Deckers,193.04,183,4.0,62.5,64.5,59.0,62.0,62.0,67.0
892,295212.0,Dani Sotres,182.88,172,1.0,62.5,69.67,57.83,68.5,47.67,73.0
434,35336.0,Kyle Letheren,187.96,183,24.0,62.5,62.5,61.5,58.5,61.5,64.5
953,282774.0,Nicolas,190.5,187,1.0,62.5,64.75,60.25,59.25,60.75,66.75
908,11746.0,Pedro Alves,187.96,176,2.0,62.5,58.25,61.0,63.0,59.75,67.25
183,289159.0,Jak Alnwick,187.96,181,5.0,62.5,64.5,62.88,60.62,60.62,63.62
330,206809.0,Filip Kurto,193.04,203,109.0,62.5,64.08,60.67,57.08,60.75,66.08
774,32990.0,Nicolas Ardouin,185.42,176,9.0,62.5,64.5,65.5,64.5,68.5,48.5
948,212772.0,Antonio Donnarumma,193.04,212,1.0,62.43,64.29,60.14,55.57,61.14,68.0
445,39420.0,Carlo Zotti,190.5,190,33.0,62.4,61.2,58.2,61.2,68.0,63.4
430,13494.0,Jakub Szmatula,187.96,179,48.0,62.4,65.2,61.6,60.4,64.2,64.6
580,9183.0,Janos Balogh,193.04,183,34.0,62.4,64.2,62.2,61.4,62.6,64.6
194,181654.0,Michal Miskiewicz,193.04,203,47.0,62.38,65.15,57.31,46.38,66.54,67.85
553,39743.0,Alberto Maria Fontana,187.96,183,12.0,62.33,63.0,63.67,45.33,65.33,56.33
365,111741.0,Mauro Vigorito,187.96,174,1.0,62.33,65.33,60.33,55.33,58.33,75.33
75,346114.0,Koen Van Langendonck,185.42,192,66.0,62.33,64.33,59.33,61.67,62.0,67.0
101,181377.0,Leon Ter Wielen,195.58,198,6.0,62.33,66.67,59.0,61.67,56.67,65.67
500,161014.0,Harm Zeinstra,193.04,187,9.0,62.33,63.0,58.67,59.67,63.33,65.67
823,96957.0,Ricardo Ferreira,187.96,168,9.0,62.33,62.67,60.0,57.0,61.33,63.33
244,11498.0,Stuart Nelson,187.96,185,3.0,62.32,64.79,59.26,60.11,61.21,63.74
590,13320.0,Krzysztof Kotorowski,187.96,190,70.0,62.31,69.46,52.77,60.08,60.23,69.08
754,95231.0,Ivan Benito,182.88,176,61.0,62.29,61.86,56.71,60.57,67.0,62.0
573,23114.0,Dean Brill,187.96,172,61.0,62.27,63.0,58.45,60.18,64.09,64.82
414,13473.0,Maciej Mielcarz,198.12,209,90.0,62.25,61.5,60.5,64.62,65.88,61.62
744,241996.0,George Long,193.04,207,13.0,62.17,68.33,57.5,47.67,57.67,69.5
759,25760.0,Massimo Colomba,190.5,181,19.0,62.14,60.86,62.29,56.43,61.86,63.57
140,278285.0,Paulo Gazzaniga,195.58,198,20.0,62.1,66.2,56.9,78.6,56.2,67.1
801,35875.0,Benedikt Pliquett,198.12,209,5.0,62.08,62.92,61.42,57.08,58.75,66.0
833,143923.0,Robbert Te Loeke,193.04,192,2.0,62.0,65.0,63.0,59.0,59.0,62.0
680,588337.0,Joel Drommel,193.04,172,11.0,62.0,68.0,61.0,58.25,56.25,62.75
668,150077.0,Marcio Paiva,182.88,185,19.0,62.0,59.0,57.0,59.0,60.5,69.0
876,39522.0,Pietro Marino,203.2,209,1.0,62.0,59.67,60.67,59.67,62.0,64.33
828,96844.0,Filipe Mendes,193.04,194,3.0,62.0,64.0,61.0,59.0,61.33,63.67
81,39153.0,Cedric Berthelin,193.04,214,41.0,62.0,61.57,62.86,57.14,65.43,60.57
743,254241.0,Stole Dimitrievski,185.42,190,1.0,62.0,62.33,66.33,56.33,62.33,61.33
855,184621.0,Ohad Levita,187.96,176,24.0,62.0,65.0,62.5,61.0,63.0,64.5
707,110154.0,Wesley de Ruiter,190.5,196,42.0,62.0,61.67,63.67,57.5,58.5,66.83
285,13436.0,Krzysztof Pilarz,182.88,172,125.0,61.9,63.1,60.0,63.6,63.2,67.3
747,24983.0,Gunnar Nielsen,190.5,190,19.0,61.89,64.56,64.33,55.56,62.11,60.33
9,148325.0,Kristof van Hout,208.28,243,52.0,61.83,64.17,63.0,58.83,62.67,60.33
243,180197.0,Adam Collin,190.5,172,3.0,61.8,65.8,60.67,59.93,58.67,63.13
110,149260.0,Tom Muyters,187.96,181,29.0,61.75,63.0,65.0,62.25,56.75,62.0
575,40980.0,Owain Fon Williams,193.04,170,38.0,61.67,63.17,55.25,55.5,55.58,73.58
34,31470.0,Andrea Guatelli,198.12,212,31.0,61.67,64.33,60.67,69.5,57.17,61.83
850,27031.0,Nico Pellatz,190.5,172,9.0,61.67,59.67,63.67,62.67,57.0,64.33
826,71524.0,Alexander Stephan,187.96,185,11.0,61.67,60.56,64.67,53.89,62.33,62.11
812,150044.0,Pajetat Douglas,190.5,187,2.0,61.67,65.0,62.0,59.0,60.0,64.67
761,25779.0,Marcel Herzog,185.42,174,29.0,61.62,66.0,57.46,54.08,60.92,62.77
763,408986.0,Timon Wellenreuther,185.42,176,7.0,61.62,66.75,55.38,64.75,57.38,67.5
156,24984.0,Graeme Smith,187.96,181,38.0,61.6,59.8,66.4,62.2,61.8,62.0
157,23445.0,Steve Banks,182.88,183,6.0,61.5,60.0,62.67,62.83,61.0,62.5
196,138159.0,Michal Buchalik,190.5,183,81.0,61.5,62.75,59.25,54.62,61.5,63.12
902,131117.0,Caleb Patterson-Sewell,190.5,192,3.0,61.5,62.75,57.75,65.0,65.25,63.75
720,176682.0,Pavol Bajza,195.58,196,2.0,61.5,64.5,55.5,56.5,59.5,69.5
934,282059.0,Luca Lezzerini,195.58,190,1.0,61.5,66.5,59.5,63.5,54.5,65.5
684,97365.0,Serginho,190.5,183,2.0,61.5,59.0,61.5,61.5,57.0,63.5
92,43243.0,Andrew McNeil,180.34,183,5.0,61.5,67.5,61.0,58.0,64.0,66.5
90,42929.0,Gregorz Szamotulski,187.96,198,18.0,61.5,59.0,65.0,69.5,59.0,59.0
750,109622.0,Scott Fox,182.88,174,70.0,61.5,64.25,56.75,55.75,61.75,64.75
941,416409.0,German,187.96,172,1.0,61.5,57.5,63.5,55.5,58.5,67.5
765,42231.0,Daniel Lopar,187.96,187,147.0,61.47,64.0,58.12,56.59,61.71,63.06
924,434259.0,Marius Gersbeck,187.96,176,1.0,61.4,58.4,64.2,61.0,60.6,62.4
343,21645.0,David Meul,193.04,183,34.0,61.33,63.0,61.0,59.33,64.0,67.0
969,43284.0,Pedro Costa,167.64,154,1.0,61.33,14.0,19.67,40.67,19.0,20.33
751,168673.0,Gary Woods,185.42,172,11.0,61.33,66.33,60.0,56.67,55.17,64.33
28,164430.0,Antonio Filipe,185.42,185,24.0,61.33,60.33,65.33,63.0,61.0,61.33
393,13454.0,Sebastian Przyrowski,193.04,174,94.0,61.3,65.4,54.6,53.0,59.7,64.3
67,34656.0,Chris Smith,187.96,190,19.0,61.25,61.0,59.25,57.25,62.75,64.5
939,186811.0,Mathieu Gorgelin,187.96,183,2.0,61.2,67.5,57.4,59.7,57.9,65.2
85,23772.0,Graham Stack,187.96,174,56.0,61.12,62.25,61.5,56.25,60.62,61.62
802,23027.0,Matt Duke,190.5,185,21.0,61.06,59.0,63.5,57.5,61.19,62.44
711,243490.0,Filip Bednarek,187.96,179,5.0,61.0,64.67,58.33,59.67,61.67,63.67
404,42429.0,Maurizio Pugliesi,187.96,174,1.0,61.0,65.33,47.33,69.33,65.33,66.33
548,33676.0,Peter Mollez,185.42,181,8.0,61.0,60.0,63.0,65.0,58.0,61.0
433,23080.0,Rab Douglas,190.5,207,30.0,61.0,59.0,62.0,60.33,62.0,61.0
241,35513.0,Mark Howard,182.88,168,44.0,61.0,61.2,61.9,60.7,61.9,60.8
686,277487.0,Krzysztof Baran,195.58,203,27.0,61.0,66.0,58.14,50.43,62.0,62.43
408,463806.0,Dawid Kudla,187.96,185,18.0,61.0,64.6,53.0,62.2,58.8,67.6
842,45853.0,Barry Ditewig,190.5,198,18.0,61.0,62.0,60.0,63.5,62.0,65.0
517,5047.0,Wilko de Vogt,187.96,194,10.0,61.0,60.0,65.0,62.0,67.5,52.5
970,361314.0,Rafael Veloso,193.04,176,1.0,61.0,61.0,60.0,58.5,60.0,64.0
910,214748.0,Jake Kean,193.04,168,1.0,60.89,65.22,55.78,51.89,58.11,66.89
419,93450.0,Wojciech Kaczmarek,200.66,218,82.0,60.82,62.27,58.27,59.09,58.55,62.73
748,237562.0,Connor Ripley,190.5,212,36.0,60.8,65.4,58.2,70.4,60.8,60.8
959,37376.0,Jean-Francois Kornetzky,190.5,196,1.0,60.75,62.25,60.25,55.25,55.0,60.5
451,543021.0,Vanja Milinkovic-Savic,203.2,203,4.0,60.75,68.0,55.5,54.75,58.75,66.0
283,32633.0,Zbigniew Malkowski,187.96,181,139.0,60.71,61.57,57.0,58.71,60.86,61.71
735,466439.0,Mike Maignan,187.96,176,3.0,60.67,66.0,60.0,57.0,57.33,61.67
572,354519.0,Antonio Reguero Chapinal,182.88,176,39.0,60.67,61.17,57.33,56.17,61.0,63.17
857,110112.0,Arjan van Dijk,187.96,172,12.0,60.67,61.33,63.67,61.67,62.0,58.0
453,13390.0,Wojciech Skaba,190.5,179,60.0,60.57,67.21,57.07,54.36,58.43,62.64
559,26367.0,Jessy Moulin,182.88,176,2.0,60.5,59.5,62.88,57.62,61.88,60.5
386,114270.0,Silvio Rodic,198.12,207,25.0,60.5,65.5,56.5,58.5,56.5,65.5
816,46130.0,Peter van der Vlag,187.96,165,2.0,60.5,60.5,65.5,64.5,62.5,55.5
890,103485.0,Jules Stephane Goda,190.5,194,3.0,60.5,58.5,64.5,60.5,63.5,59.5
798,330458.0,Mirko Salvi,187.96,176,11.0,60.5,60.5,62.0,59.0,59.0,60.5
198,305248.0,Merveille Goblet,180.34,172,12.0,60.4,65.4,55.8,59.0,56.6,68.2
409,206822.0,Jakub Slowik,190.5,181,57.0,60.4,59.7,56.9,56.3,63.7,66.1
860,35492.0,Sean Murdoch,187.96,163,9.0,60.33,57.0,61.33,56.67,61.67,63.33
242,254472.0,Danny Ward,190.5,194,23.0,60.25,62.5,58.75,59.25,56.5,64.0
486,263511.0,Maxime Dupe,185.42,192,17.0,60.25,60.25,60.75,56.25,57.88,66.75
47,270473.0,Igor Berezovsky,193.04,192,13.0,60.17,65.67,58.83,57.17,59.67,61.33
435,186891.0,Scott Bain,180.34,165,59.0,60.14,62.57,59.71,55.71,58.43,63.29
37,274776.0,Yanick Brecher,193.04,183,36.0,60.12,64.62,56.0,61.88,55.25,66.75
570,197952.0,Dejan Stojanovic,195.58,196,5.0,60.0,64.67,55.67,57.33,55.33,67.67
632,95977.0,Damien Rascle,187.96,198,3.0,60.0,61.0,63.0,44.0,58.0,64.0
305,150217.0,Dennis Telgenkamp,193.04,192,24.0,60.0,61.43,60.43,54.29,62.29,60.71
556,242234.0,Jeremy Dumesnil,182.88,168,5.0,60.0,63.0,58.0,55.0,60.0,61.0
561,186806.0,Brice Maubleu,193.04,183,2.0,60.0,61.0,59.67,56.0,57.67,61.67
603,563068.0,Valentin Belon,180.34,170,5.0,60.0,65.25,58.75,56.5,54.25,63.75
111,208718.0,Laurent Henkinet,187.96,192,34.0,60.0,63.29,58.29,60.43,58.0,61.71
926,432470.0,Timo Plattel,185.42,154,1.0,60.0,64.0,59.5,59.0,59.5,62.0
117,148311.0,Gregory Delwarte,185.42,181,2.0,60.0,62.0,55.0,61.0,62.0,62.0
975,46689.0,Oumar Sissoko,187.96,185,1.0,59.86,62.29,58.43,56.57,58.57,62.14
483,187563.0,Anthony Mfa Meuzi,182.88,201,16.0,59.83,60.0,55.83,59.0,61.5,62.5
325,93341.0,Florian Bague,180.34,174,1.0,59.83,60.17,61.67,56.17,60.0,65.33
571,34213.0,Ryan Esson,185.42,174,119.0,59.78,58.89,61.33,55.11,60.89,58.67
449,69004.0,Mateusz Bak,185.42,187,61.0,59.71,62.71,56.43,51.14,62.0,62.43
99,190142.0,Jed Steer,182.88,176,1.0,59.6,64.4,57.3,54.8,56.8,63.6
749,46365.0,Artur Krysiak,193.04,183,1.0,59.55,65.45,54.55,49.18,54.55,67.36
938,513990.0,Sacha Bastien,195.58,201,1.0,59.5,64.0,61.0,55.0,54.5,60.5
965,212970.0,Arvid Schenk,195.58,187,1.0,59.5,59.0,59.0,64.0,49.0,67.5
810,522846.0,Rafael,175.26,161,2.0,59.5,12.5,8.5,6.5,7.5,7.5
871,121488.0,Alban Joinel,187.96,181,1.0,59.5,60.0,56.0,62.0,62.0,64.0
123,109650.0,Marco van Duin,190.5,174,3.0,59.5,57.0,63.0,51.0,63.0,61.0
239,47559.0,Scott Brown,187.96,192,38.0,59.44,61.5,53.19,55.5,56.88,63.31
854,45182.0,Jan Seda,190.5,196,23.0,59.43,58.43,61.71,62.57,57.71,64.0
602,157955.0,Samuel Atrous,190.5,187,1.0,59.4,66.2,58.6,63.6,55.0,62.8
7,148331.0,Anthony Moris,182.88,165,3.0,59.33,62.0,57.17,55.5,55.33,66.5
1,131403.0,Jo Coppens,190.5,176,34.0,59.25,62.75,58.25,62.5,55.0,62.25
913,243548.0,Patrick J. ter Mate,180.34,168,1.0,59.0,60.0,57.0,58.0,60.0,60.0
960,190604.0,Ugo Gabrieli,190.5,176,1.0,59.0,64.0,57.0,61.0,53.0,64.0
107,38962.0,Sven van der Jeugt,190.5,190,19.0,59.0,58.0,55.0,58.0,61.0,63.0
673,163893.0,Rui Vieira,187.96,176,2.0,59.0,60.0,58.0,57.0,56.0,63.0
278,181198.0,Joao Barroca,185.42,181,45.0,59.0,60.56,59.33,58.67,55.78,61.22
906,12381.0,Jan Slovenciak,193.04,196,1.0,59.0,63.0,56.0,53.0,60.0,59.0
770,67357.0,Christian Leite,182.88,187,4.0,59.0,64.0,57.0,57.0,53.0,65.0
976,435684.0,Boris Radunovic,193.04,185,1.0,59.0,64.0,58.0,55.0,57.0,62.0
385,258206.0,Dziugas Bartkus,190.5,194,7.0,59.0,62.0,64.0,59.0,64.0,60.0
792,188565.0,Anthony Loustallot,182.88,170,1.0,59.0,57.0,58.0,59.0,63.0,57.0
44,45571.0,Ben Hamer,193.04,172,8.0,58.8,59.6,57.0,63.6,58.2,61.0
818,280896.0,Jonas Mendes,190.5,181,2.0,58.5,66.0,53.0,61.0,52.5,63.0
581,289145.0,Jack Hamilton,187.96,163,3.0,58.5,59.5,58.5,56.5,59.5,61.5
396,232143.0,Martin Polacek,198.12,209,15.0,58.5,66.5,55.5,57.5,51.5,67.5
940,277348.0,Thomas Vincensini,182.88,174,1.0,58.33,60.0,52.0,54.0,57.0,66.67
844,278844.0,Martijn de Swart,187.96,201,2.0,58.33,58.67,59.0,57.33,57.0,58.67
746,299380.0,Dan Twardzik,182.88,170,30.0,58.33,62.0,53.33,54.33,55.33,64.67
576,32679.0,Michael Fraser,187.96,174,55.0,58.33,56.5,55.17,54.83,61.0,64.33
150,67311.0,Guillaume Faivre,187.96,183,139.0,58.29,64.64,52.14,59.14,53.93,65.0
954,22305.0,Simone Farelli,185.42,172,1.0,58.25,66.75,52.5,55.25,51.75,65.25
722,210387.0,Alexandre Letellier,190.5,179,17.0,58.08,59.54,58.85,54.08,57.77,57.69
450,427161.0,Marko Maric,190.5,196,24.0,58.0,63.43,55.29,60.29,56.86,62.14
848,104432.0,Georgi Makaridze,190.5,187,2.0,58.0,62.17,60.17,51.83,56.5,58.83
320,115675.0,Mark Ridgers,185.42,181,25.0,58.0,63.0,56.5,57.0,59.0,61.0
952,41807.0,Gabriele Aldegani,195.58,201,1.0,58.0,61.0,58.33,56.0,60.67,59.0
695,27342.0,Morten Jensen,190.5,194,1.0,58.0,59.0,56.0,59.0,56.0,58.0
391,68835.0,Grzegorz Kasprzik,185.42,194,40.0,58.0,63.71,56.0,61.43,51.57,62.71
444,42259.0,Matteo Gritti,185.42,176,48.0,58.0,63.75,55.5,50.75,49.25,68.0
277,42141.0,David Gonzalez,180.34,165,36.0,58.0,60.0,55.5,57.5,52.5,63.0
348,110136.0,Rik Sebens,180.34,154,1.0,58.0,12.0,9.0,15.0,13.0,13.0
633,181572.0,Patrick De Vlamynck,185.42,185,9.0,57.75,57.5,58.0,57.0,63.5,55.0
777,620136.0,Luis Maria Zwick,190.5,165,13.0,57.67,58.67,55.67,56.0,57.33,63.33
389,68740.0,Norbert Witkowski,190.5,187,47.0,57.62,62.25,47.25,58.25,55.75,63.25
309,275751.0,Krzysztof Kaminski,190.5,179,32.0,57.6,60.4,57.8,60.8,53.6,58.4
916,38953.0,Nathan Goris,185.42,161,1.0,57.6,61.0,59.2,58.2,53.4,56.6
598,111193.0,Thomas Bosmel,182.88,165,3.0,57.6,59.5,55.1,61.3,58.0,61.0
972,41310.0,Willy Grondin,177.8,172,1.0,57.5,57.0,55.0,59.0,61.0,56.0
307,68768.0,Matko Perdijic,195.58,207,35.0,57.5,61.0,52.0,50.67,59.83,59.33
977,37187.0,Jorg van Nieuwenhuijzen,185.42,198,1.0,57.33,61.33,55.0,66.0,55.0,54.33
422,249057.0,Wojciech Pawlowski,190.5,181,18.0,57.29,57.14,53.86,49.29,58.0,62.43
574,35954.0,Jonathan Tuffey,185.42,185,8.0,57.25,56.75,60.75,56.75,56.75,57.75
755,132814.0,Joel Mall,193.04,183,71.0,57.2,58.6,55.0,56.2,50.0,66.0
756,67374.0,"Swen Koenig,24",187.96,198,24.0,57.2,51.4,56.0,58.2,57.4,62.0
740,128239.0,Steven Deana,187.96,183,12.0,57.17,58.17,57.17,54.5,53.5,61.5
971,32845.0,Alan Martin,182.88,165,1.0,57.1,59.5,56.1,58.4,55.9,59.8
918,183701.0,Raul Dominguez,180.34,165,1.0,57.0,65.0,54.0,50.0,46.0,63.0
936,210693.0,Johann Durand,182.88,157,1.0,57.0,55.5,58.5,59.67,59.17,57.67
38,7621.0,Anthony Favre,193.04,198,51.0,57.0,63.8,61.8,53.8,59.8,54.8
427,275760.0,Andrzej Witan,182.88,168,15.0,57.0,58.5,55.5,54.0,55.5,58.5
329,243486.0,Collin van Eijk,182.88,161,1.0,57.0,59.0,58.0,62.0,56.0,56.0
846,160367.0,Ryan Scully,185.42,168,9.0,57.0,59.0,53.0,50.0,56.0,62.0
284,178434.0,Wojciech Malecki,187.96,179,6.0,57.0,63.0,53.0,51.0,51.0,64.0
819,34270.0,Davide Taini,190.5,194,7.0,57.0,63.0,54.0,52.25,51.0,62.25
437,166768.0,David Mitchell,182.88,183,1.0,57.0,65.0,51.0,55.0,54.0,65.0
74,166672.0,Stefan Deloose,190.5,187,2.0,56.83,57.83,58.0,59.17,50.33,59.5
768,462944.0,Francesco Ruberto,182.88,165,8.0,56.67,62.67,50.33,52.0,54.67,61.33
914,78279.0,Fredric Loehe,193.04,194,1.0,56.67,58.33,52.33,53.0,49.67,64.33
452,206801.0,Lukasz Budzilek,185.42,176,4.0,56.67,55.67,58.67,59.33,54.0,59.67
567,41864.0,Roberto Colombo,190.5,176,7.0,56.67,53.33,54.33,52.5,57.0,67.17
518,207058.0,Niclas Heimann,193.04,185,1.0,56.6,60.2,50.2,52.2,58.4,60.8
964,237645.0,Andreas Hirzel,190.5,196,1.0,56.5,57.25,56.75,53.0,54.25,57.75
889,607121.0,Paul Andre Guerin,182.88,165,1.0,56.5,60.5,54.0,51.5,52.0,58.5
630,7334.0,Anssi Jaakkola,193.04,194,12.0,56.38,57.5,52.75,50.88,54.62,61.0
779,289118.0,Marc McCallum,190.5,172,1.0,56.33,56.33,58.0,52.0,57.33,58.33
907,564854.0,Jean Chopin,195.58,198,1.0,56.25,61.0,54.25,53.25,51.25,61.0
554,41489.0,Achille Coser,185.42,174,2.0,56.25,53.75,53.75,57.0,61.25,59.25
432,308842.0,Dobrivoj Rusov,190.5,170,5.0,56.25,56.0,51.75,57.5,53.0,64.5
783,188971.0,Jakob Haugaard,198.12,192,4.0,56.22,55.89,55.67,55.56,55.89,57.89
384,178584.0,Sergiusz Prusak,193.04,205,37.0,56.0,63.5,50.5,54.0,52.5,60.5
287,169906.0,Vytautas Cerniauskas,190.5,165,28.0,56.0,61.0,42.0,48.0,59.0,66.0
973,670927.0,Fabrizio Alastra,185.42,174,1.0,56.0,59.0,52.0,56.0,51.0,63.0
550,38434.0,Damien Lahaye,180.34,181,7.0,56.0,57.0,52.0,54.0,55.0,62.0
852,110108.0,Lex van Haeften,198.12,185,1.0,56.0,55.0,64.0,44.0,60.0,50.0
394,114817.0,Michal Gliwa,187.96,168,69.0,55.89,62.33,48.56,41.33,55.22,63.22
429,206805.0,Jakub Szumski,193.04,172,13.0,55.86,59.14,56.43,56.14,54.0,57.71
446,22700.0,Lorenzo Bucchi,185.42,183,12.0,55.83,58.83,53.67,51.5,57.83,56.17
281,114018.0,Mathieu Debonnaire,187.96,179,8.0,55.5,56.5,57.5,51.5,47.5,63.5
416,432411.0,Maciej Krakowiak,187.96,168,4.0,55.5,61.5,52.0,51.5,52.0,58.0
279,94678.0,Kevin Fickentscher,180.34,172,23.0,55.5,55.5,52.0,50.67,53.33,61.5
19,614867.0,Maxime Vandermeulen,180.34,165,1.0,55.5,58.5,53.5,57.5,51.0,59.5
771,160901.0,David Moser,185.42,165,6.0,55.25,52.75,55.25,50.25,52.75,61.5
13,104388.0,"Cyprien Baguette,23",187.96,185,24.0,55.0,54.5,54.5,53.5,52.5,58.5
417,281844.0,Patryk Wolanski,187.96,179,9.0,55.0,53.0,46.0,50.0,65.0,52.0
112,277845.0,Hendrik van Crombrugge,187.96,192,1.0,55.0,57.0,52.0,53.0,49.0,62.0
909,36873.0,Kristof Maes,187.96,187,1.0,54.83,57.0,52.5,57.5,53.17,55.0
935,25863.0,Bastien Geiger,177.8,159,1.0,54.33,12.67,18.67,38.67,18.0,17.0
149,66902.0,Luca Ferro,193.04,198,56.0,54.25,46.25,55.25,52.75,57.25,57.75
319,165518.0,David Cornell,187.96,174,5.0,54.0,52.6,54.2,53.2,52.2,58.2
462,154261.0,Oliver Klaus,182.88,176,9.0,54.0,60.33,45.33,40.33,50.33,62.33
439,655544.0,Josip Posavec,190.5,181,1.0,54.0,58.0,50.0,58.0,54.0,58.0
757,202616.0,Ulisse Pelloni,182.88,172,2.0,54.0,60.0,52.0,56.0,49.0,59.0
742,520798.0,Dany da Silva,187.96,172,2.0,54.0,55.5,53.0,48.0,53.5,54.5
949,315949.0,Paul Grant,182.88,170,1.0,54.0,60.0,49.0,48.0,52.0,56.0
814,361334.0,Konrad Jalocha,200.66,187,2.0,54.0,57.0,48.0,54.0,53.0,61.0
415,115006.0,Bartosz Kaniecki,195.58,201,17.0,53.67,54.0,52.67,44.0,47.33,61.33
920,156714.0,Miguel da Silva Jorge Bruno,195.58,181,1.0,53.67,53.67,53.0,57.33,51.0,55.67
775,148297.0,Mario Matos,185.42,181,2.0,53.5,57.5,47.5,52.0,51.0,58.0
318,407747.0,Christopher Dilo,187.96,185,12.0,53.5,55.5,49.5,53.5,52.5,57.0
739,41601.0,Nicolas Beney,182.88,176,7.0,52.67,49.67,50.67,46.67,52.67,59.67
282,255251.0,Antonio Signori Dominique,185.42,165,11.0,52.5,56.0,54.0,41.0,49.5,52.5
324,165528.0,Ibrahim Kone,190.5,187,3.0,52.5,52.75,55.0,51.0,45.0,59.0
769,95224.0,Dragan Djukic,182.88,165,2.0,52.0,52.0,49.5,48.0,48.0,56.0
39,320187.0,Andres Malloth,185.42,179,1.0,52.0,57.0,48.0,48.0,49.0,55.0
961,42098.0,Reto Bolli,182.88,172,1.0,51.75,53.5,47.75,46.5,56.25,49.5
155,172489.0,Zander Clark,195.58,170,5.0,51.0,48.0,53.0,53.0,54.0,56.0
797,557342.0,Jonas Omlin,187.96,176,1.0,51.0,57.0,47.0,56.0,45.0,54.0
421,463957.0,Jakub Wrabel,193.04,192,9.0,51.0,55.33,48.67,46.67,45.67,55.33
397,264578.0,Tomasz Ptak,190.5,196,13.0,51.0,56.0,46.0,51.0,47.0,54.0
423,618737.0,Mateusz Abramowicz,185.42,176,5.0,50.67,50.0,51.33,49.67,49.67,50.0
631,470003.0,Conor Brennan,185.42,198,4.0,50.5,53.5,46.5,48.5,47.5,53.5
780,252672.0,Michal Szromnik,190.5,176,11.0,50.0,62.5,48.5,56.5,46.5,42.5
91,69793.0,Jakub Divis,195.58,194,3.0,50.0,54.0,47.0,56.0,49.0,48.0
94,148308.0,Sven De Volder,182.88,179,7.0,49.0,43.0,49.0,53.0,51.0,52.0
245,528212.0,Aaron Lennox,190.5,181,1.0,48.0,53.0,41.0,39.0,51.0,53.0
395,206641.0,Konrad Forenc,190.5,201,15.0,46.0,45.0,61.25,57.25,32.25,46.0
